Name,Type1,Type2,Evolution,image_path,width,height,aspect_ratio,mode,format,file_size_kb,has_alpha,transparent_ratio,mean_r,mean_g,mean_b,brightness,contrast,is_dual_type
bulbasaur,Grass,Poison,ivysaur,C:\Users\Newsk\Downloads\pokemon\data\images\bulbasaur.png,120,120,1.0,RGBA,PNG,2.740234375,True,0.90125,140.556258790436,191.7454289732771,160.75035161744023,172.9064282700422,40.50918835985201,True
ivysaur,Grass,Poison,venusaur,C:\Users\Newsk\Downloads\pokemon\data\images\ivysaur.png,120,120,1.0,RGBA,PNG,3.7509765625,True,0.8563194444444444,143.6384726921218,154.58820686321894,161.13533107781538,152.0606085065249,47.33975438564127,True
venusaur,Grass,Poison,,C:\Users\Newsk\Downloads\pokemon\data\images\venusaur.png,120,120,1.0,RGBA,PNG,6.9482421875,True,0.7238888888888889,144.22258551307846,174.9177565392354,168.93435613682092,165.05779275653921,46.67039467706143,True
charmander,Fire,,charmeleon,C:\Users\Newsk\Downloads\pokemon\data\images\charmander.png,120,120,1.0,RGBA,PNG,2.8291015625,True,0.905625,213.31788079470198,175.44150110375276,126.02869757174393,181.13347902869756,42.752871441005915,False
charmeleon,Fire,,charizard,C:\Users\Newsk\Downloads\pokemon\data\images\charmeleon.png,120,120,1.0,RGBA,PNG,3.7060546875,True,0.8813888888888889,218.31381733021078,150.307962529274,121.96487119437938,167.4106007025761,43.03869649425817,False
charizard,Fire,Flying,,C:\Users\Newsk\Downloads\pokemon\data\images\charizard.png,120,120,1.0,RGBA,PNG,6.8095703125,True,0.7206944444444445,163.9920437593237,163.87767279960218,128.24341123818996,159.84956389855793,48.88022997151196,True
squirtle,Water,,wartortle,C:\Users\Newsk\Downloads\pokemon\data\images\squirtle.png,120,120,1.0,RGBA,PNG,2.9658203125,True,0.8946527777777777,142.9960448253131,181.3744232036915,182.4205669083718,170.0185484508899,44.097782370767476,False
wartortle,Water,,blastoise,C:\Users\Newsk\Downloads\pokemon\data\images\wartortle.png,120,120,1.0,RGBA,PNG,4.0986328125,True,0.8421527777777778,176.1860976682798,188.56709194896612,197.5816102067752,185.89282974043115,44.21272964379944,False
blastoise,Water,,,C:\Users\Newsk\Downloads\pokemon\data\images\blastoise.png,120,120,1.0,RGBA,PNG,6.5732421875,True,0.7019444444444445,166.7763280521901,175.59040074557316,183.81337371854613,173.89241192917055,55.17583855140598,False
caterpie,Bug,,metapod,C:\Users\Newsk\Downloads\pokemon\data\images\caterpie.png,120,120,1.0,RGBA,PNG,2.279296875,True,0.9434027777777778,152.9926380368098,171.9361963190184,103.91042944785276,158.51713496932516,49.425713260452625,False
metapod,Bug,,butterfree,C:\Users\Newsk\Downloads\pokemon\data\images\metapod.png,120,120,1.0,RGBA,PNG,2.328125,True,0.9230555555555555,141.74097472924188,182.03429602888087,90.3384476534296,159.53326624548737,48.43563770233836,False
butterfree,Bug,Flying,,C:\Users\Newsk\Downloads\pokemon\data\images\butterfree.png,120,120,1.0,RGBA,PNG,5.1533203125,True,0.8031944444444444,154.9985885673959,155.3426252646436,160.6302046577276,155.8425423429781,81.06441915605002,True
weedle,Bug,Poison,kakuna,C:\Users\Newsk\Downloads\pokemon\data\images\weedle.png,120,120,1.0,RGBA,PNG,1.771484375,True,0.9513888888888888,199.83857142857144,166.10857142857142,132.50428571428571,172.36295285714286,50.41618512138231,True
kakuna,Bug,Poison,beedrill,C:\Users\Newsk\Downloads\pokemon\data\images\kakuna.png,120,120,1.0,RGBA,PNG,2.5478515625,True,0.9170138888888889,198.58661087866108,179.12887029288703,94.47364016736401,175.2960384937238,54.49952743358306,True
beedrill,Bug,Poison,,C:\Users\Newsk\Downloads\pokemon\data\images\beedrill.png,120,120,1.0,RGBA,PNG,6.2392578125,True,0.7970138888888889,203.78891549777626,200.23332192952446,190.16216216216216,200.14833219295244,59.972602982976255,True
pidgey,Normal,Flying,pidgeotto,C:\Users\Newsk\Downloads\pokemon\data\images\pidgey.png,120,120,1.0,RGBA,PNG,2.4521484375,True,0.9299305555555556,192.31615460852328,175.7542120911794,136.38057482656095,176.21763825569872,59.953374301284946,True
pidgeotto,Normal,Flying,pidgeot,C:\Users\Newsk\Downloads\pokemon\data\images\pidgeotto.png,120,120,1.0,RGBA,PNG,4.1201171875,True,0.8742361111111111,198.64384318056324,172.73219215902816,134.3036996134732,176.09892766427387,57.67028846781577,True
pidgeot,Normal,Flying,,C:\Users\Newsk\Downloads\pokemon\data\images\pidgeot.png,120,120,1.0,RGBA,PNG,5.673828125,True,0.8011111111111111,211.95530726256985,198.13477653631284,156.27444134078212,197.49503701117317,51.94330187957789,True
rattata,Normal,,raticate,C:\Users\Newsk\Downloads\pokemon\data\images\rattata.png,120,120,1.0,RGBA,PNG,2.611328125,True,0.9314583333333333,172.26545086119555,149.38196555217831,168.05775075987842,158.3531671732523,46.1921761728543,False
raticate,Normal,,,C:\Users\Newsk\Downloads\pokemon\data\images\raticate.png,120,120,1.0,RGBA,PNG,3.8330078125,True,0.8775694444444444,204.50765740215542,173.13896766874646,120.78048780487805,176.54933919455473,46.99261880842263,False
spearow,Normal,Flying,fearow,C:\Users\Newsk\Downloads\pokemon\data\images\spearow.png,120,120,1.0,RGBA,PNG,2.53515625,True,0.92875,190.7943469785575,152.5662768031189,133.81384015594543,161.85869200779726,52.0556838399189,True
fearow,Normal,Flying,,C:\Users\Newsk\Downloads\pokemon\data\images\fearow.png,120,120,1.0,RGBA,PNG,6.4091796875,True,0.7904166666666667,182.79324055666004,140.67329357190192,97.96123260437376,148.39798277004638,37.90925560814648,True
ekans,Poison,,arbok,C:\Users\Newsk\Downloads\pokemon\data\images\ekans.png,120,120,1.0,RGBA,PNG,1.890625,True,0.9282638888888889,179.94482090997096,139.25750242013552,173.70087124878992,155.34955469506292,39.011677914031225,False
arbok,Poison,,,C:\Users\Newsk\Downloads\pokemon\data\images\arbok.png,120,120,1.0,RGBA,PNG,3.9521484375,True,0.8495833333333334,151.84395198522623,139.09926131117268,158.93028624192058,145.17066066481993,49.97781601722057,False
pikachu,Electric,,raichu,C:\Users\Newsk\Downloads\pokemon\data\images\pikachu.png,120,120,1.0,RGBA,PNG,3.091796875,True,0.88,220.01099537037038,203.73784722222223,114.29282407407408,198.40678587962964,42.059865934025275,False
raichu,Electric,,,C:\Users\Newsk\Downloads\pokemon\data\images\raichu.png,120,120,1.0,RGBA,PNG,4.98828125,True,0.8244444444444444,205.3564082278481,183.9375,111.12223101265823,182.04081289556964,56.52208343895561,False
sandshrew,Ground,,sandslash,C:\Users\Newsk\Downloads\pokemon\data\images\sandshrew.png,120,120,1.0,RGBA,PNG,2.7685546875,True,0.9122916666666667,213.53840063341252,197.6856690419636,130.00158353127475,194.7096500395883,46.85574000061254,False
sandslash,Ground,,,C:\Users\Newsk\Downloads\pokemon\data\images\sandslash.png,120,120,1.0,RGBA,PNG,4.673828125,True,0.8369444444444445,187.43739352640546,162.55749574105621,103.07964224872232,163.21610988074957,63.67873161730113,False
nidoran-f,Poison,,nidorina,C:\Users\Newsk\Downloads\pokemon\data\images\nidoran-f.png,120,120,1.0,RGBA,PNG,2.2861328125,True,0.9322222222222222,168.24077868852459,179.94672131147541,202.84016393442624,179.0564969262295,50.52627352232963,False
nidorina,Poison,,nidoqueen,C:\Users\Newsk\Downloads\pokemon\data\images\nidorina.png,120,120,1.0,RGBA,PNG,3.0869140625,True,0.8967361111111111,171.45057162071285,192.728984532616,202.186953597848,187.4449475453934,50.99741563938681,False
nidoqueen,Poison,Ground,,C:\Users\Newsk\Downloads\pokemon\data\images\nidoqueen.png,120,120,1.0,RGBA,PNG,5.48046875,True,0.7847222222222222,148.32451612903225,170.75548387096774,183.1109677419355,165.45714967741932,46.70029616523671,True
nidoran-m,Poison,,nidorino,C:\Users\Newsk\Downloads\pokemon\data\images\nidoran-m.png,120,120,1.0,RGBA,PNG,2.689453125,True,0.9123611111111111,161.61568938193344,142.46988906497623,175.2472266244057,151.9310998415214,45.390917877550976,False
nidorino,Poison,,nidoking,C:\Users\Newsk\Downloads\pokemon\data\images\nidorino.png,120,120,1.0,RGBA,PNG,3.6591796875,True,0.87875,172.03493699885453,142.0847651775487,179.76517754868271,155.3354335624284,47.65654744765367,False
nidoking,Poison,Ground,,C:\Users\Newsk\Downloads\pokemon\data\images\nidoking.png,120,120,1.0,RGBA,PNG,6.4072265625,True,0.7561805555555555,174.7898034747935,146.6268869268015,176.09968669894616,158.40749814867561,48.38938148781119,True
clefairy,Fairy,,clefable,C:\Users\Newsk\Downloads\pokemon\data\images\clefairy.png,120,120,1.0,RGBA,PNG,2.4189453125,True,0.895625,217.73652694610777,189.10046573519628,196.3812375249501,198.49265602129074,44.85262180226519,False
clefable,Fairy,,,C:\Users\Newsk\Downloads\pokemon\data\images\clefable.png,120,120,1.0,RGBA,PNG,3.89453125,True,0.818125,225.5021000381825,197.90607101947307,195.31156930126002,205.8615105001909,41.54395363532752,False
vulpix,Fire,,ninetales,C:\Users\Newsk\Downloads\pokemon\data\images\vulpix.png,120,120,1.0,RGBA,PNG,2.7333984375,True,0.9114583333333334,197.26509803921567,130.94745098039215,87.78039215686275,145.85538274509804,38.978217940503995,False
ninetales,Fire,,,C:\Users\Newsk\Downloads\pokemon\data\images\ninetales.png,120,120,1.0,RGBA,PNG,5.845703125,True,0.7490972222222223,220.38721284251315,210.38555217270965,124.83974536396346,203.6238267367838,43.76679813085545,False
jigglypuff,Normal,Fairy,,C:\Users\Newsk\Downloads\pokemon\data\images\jigglypuff.png,120,120,1.0,RGBA,PNG,2.64453125,True,0.9035416666666667,207.84521238300937,191.3657307415407,198.40316774658027,197.09536357091434,57.11692202033123,True
wigglytuff,Normal,Fairy,,C:\Users\Newsk\Downloads\pokemon\data\images\wigglytuff.png,120,120,1.0,RGBA,PNG,3.6748046875,True,0.853125,205.41749408983452,191.98486997635933,200.08747044917257,196.9249210401891,61.633933748629154,True
zubat,Poison,Flying,,C:\Users\Newsk\Downloads\pokemon\data\images\zubat.png,120,120,1.0,RGBA,PNG,2.849609375,True,0.9013888888888889,120.68098591549295,105.38450704225352,139.27042253521128,113.82114859154929,40.69074077210748,True
golbat,Poison,Flying,,C:\Users\Newsk\Downloads\pokemon\data\images\golbat.png,120,120,1.0,RGBA,PNG,3.4970703125,True,0.8893055555555556,106.19510664993726,96.99749058971142,128.04830614805522,103.28737076537014,47.70811951551142,True
oddish,Grass,Poison,,C:\Users\Newsk\Downloads\pokemon\data\images\oddish.png,120,120,1.0,RGBA,PNG,2.619140625,True,0.9202777777777778,81.86759581881533,148.97038327526133,92.02613240418118,122.41500522648083,36.111687613708625,True
gloom,Grass,Poison,,C:\Users\Newsk\Downloads\pokemon\data\images\gloom.png,120,120,1.0,RGBA,PNG,3.5263671875,True,0.88,127.57581018518519,117.16782407407408,123.28877314814815,120.97760011574074,35.65582165338742,True
vileplume,Grass,Poison,,C:\Users\Newsk\Downloads\pokemon\data\images\vileplume.png,120,120,1.0,RGBA,PNG,2.6123046875,True,0.865,147.7309670781893,114.85236625514403,132.51183127572017,126.69624691358024,30.223876938475644,True
paras,Bug,Grass,,C:\Users\Newsk\Downloads\pokemon\data\images\paras.png,120,120,1.0,RGBA,PNG,2.6513671875,True,0.9254861111111111,200.38303821062442,157.0848089468779,104.90866728797764,164.08289934762348,53.50653270182799,True
parasect,Bug,Grass,,C:\Users\Newsk\Downloads\pokemon\data\images\parasect.png,120,120,1.0,RGBA,PNG,3.9013671875,True,0.8408333333333333,219.86910994764398,167.08376963350784,127.51657940663176,178.35592670157067,47.85845739599711,True
venonat,Bug,Poison,,C:\Users\Newsk\Downloads\pokemon\data\images\venonat.png,120,120,1.0,RGBA,PNG,2.91796875,True,0.9104166666666667,144.0782945736434,121.96744186046512,165.0062015503876,133.48500542635657,45.83939297158991,True
venomoth,Bug,Poison,,C:\Users\Newsk\Downloads\pokemon\data\images\venomoth.png,120,120,1.0,RGBA,PNG,4.376953125,True,0.86125,194.81581581581582,186.13563563563562,201.35985985985985,190.46657107107106,49.19606050266307,True
diglett,Ground,,dugtrio,C:\Users\Newsk\Downloads\pokemon\data\images\diglett.png,120,120,1.0,RGBA,PNG,1.4931640625,True,0.9425694444444445,172.14873035066506,150.58041112454654,134.7279322853688,155.2221559854897,37.27740617868921,False
dugtrio,Ground,,,C:\Users\Newsk\Downloads\pokemon\data\images\dugtrio.png,120,120,1.0,RGBA,PNG,2.791015625,True,0.87625,179.76206509539844,153.7828282828283,133.3939393939394,159.22628675645342,37.49341841314676,False
meowth,Normal,,persian,C:\Users\Newsk\Downloads\pokemon\data\images\meowth.png,120,120,1.0,RGBA,PNG,3.5908203125,True,0.8961805555555555,189.67959866220735,180.8695652173913,162.0494983277592,181.35827759197323,63.086039703880594,False
persian,Normal,,,C:\Users\Newsk\Downloads\pokemon\data\images\persian.png,120,120,1.0,RGBA,PNG,3.837890625,True,0.854375,212.81592751549834,200.23271340009538,167.0200286123033,200.20884835479256,49.516712524529524,False
psyduck,Water,,golduck,C:\Users\Newsk\Downloads\pokemon\data\images\psyduck.png,120,120,1.0,RGBA,PNG,2.4521484375,True,0.9097916666666667,219.5211701308699,198.25481139337953,139.1924557351809,197.8803441108545,43.619946048536974,False
golduck,Water,,,C:\Users\Newsk\Downloads\pokemon\data\images\golduck.png,120,120,1.0,RGBA,PNG,4.5390625,True,0.8613194444444444,136.58037055583375,171.75713570355532,197.0050075112669,164.1175403104657,42.14942582777872,False
mankey,Fighting,,primeape,C:\Users\Newsk\Downloads\pokemon\data\images\mankey.png,120,120,1.0,RGBA,PNG,3.08984375,True,0.9197916666666667,199.0787878787879,180.4961038961039,167.27272727272728,184.54486147186145,49.76610248405572,False
primeape,Fighting,,,C:\Users\Newsk\Downloads\pokemon\data\images\primeape.png,120,120,1.0,RGBA,PNG,3.9677734375,True,0.8586805555555556,202.15921375921377,181.6968058968059,164.33660933660934,185.83600343980345,57.40055653312106,False
growlithe,Fire,,arcanine,C:\Users\Newsk\Downloads\pokemon\data\images\growlithe.png,120,120,1.0,RGBA,PNG,3.076171875,True,0.8923611111111112,206.03032258064516,173.05032258064517,136.21548387096774,178.71217096774194,55.928878363655535,False
arcanine,Fire,,,C:\Users\Newsk\Downloads\pokemon\data\images\arcanine.png,120,120,1.0,RGBA,PNG,5.765625,True,0.7590972222222222,213.78552897088497,183.58777745748054,143.98356875180167,188.10202536754107,55.91544009198909,False
poliwag,Water,,poliwhirl,C:\Users\Newsk\Downloads\pokemon\data\images\poliwag.png,120,120,1.0,RGBA,PNG,2.6435546875,True,0.921875,127.29333333333334,143.5768888888889,167.4622222222222,141.43103377777777,64.63200814569076,False
poliwhirl,Water,,poliwrath,C:\Users\Newsk\Downloads\pokemon\data\images\poliwhirl.png,120,120,1.0,RGBA,PNG,3.6572265625,True,0.8864583333333333,135.06850152905199,148.62018348623855,168.14128440366972,146.7936360856269,68.82157757650533,False
poliwrath,Water,Fighting,,C:\Users\Newsk\Downloads\pokemon\data\images\poliwrath.png,120,120,1.0,RGBA,PNG,4.5849609375,True,0.8311111111111111,133.38322368421052,149.6657072368421,174.44942434210526,147.62258840460524,63.944170595007854,True
abra,Psychic,,kadabra,C:\Users\Newsk\Downloads\pokemon\data\images\abra.png,120,120,1.0,RGBA,PNG,3.04296875,True,0.9120833333333334,199.82385466034756,190.0047393364929,73.90205371248025,179.70494865718797,54.07191893949301,False
kadabra,Psychic,,alakazam,C:\Users\Newsk\Downloads\pokemon\data\images\kadabra.png,120,120,1.0,RGBA,PNG,5.5771484375,True,0.8279166666666666,185.0036319612591,170.47457627118644,81.6501210653753,164.69277602905566,54.50815633302916,False
alakazam,Psychic,,,C:\Users\Newsk\Downloads\pokemon\data\images\alakazam.png,120,120,1.0,RGBA,PNG,6.1953125,True,0.8028472222222223,191.0940471997182,181.01620288834096,96.70024656569214,174.4174593166608,59.45006390336171,False
machop,Fighting,,,C:\Users\Newsk\Downloads\pokemon\data\images\machop.png,120,120,1.0,RGBA,PNG,2.9814453125,True,0.9049305555555556,164.33235938641343,186.12198685171657,188.163623082542,179.83963476990502,40.46300987660463,False
machoke,Fighting,,,C:\Users\Newsk\Downloads\pokemon\data\images\machoke.png,120,120,1.0,RGBA,PNG,5.833984375,True,0.7699305555555556,167.05131300935707,163.53788107455478,180.53939028071235,166.5265692725626,50.274926957759114,False
machamp,Fighting,,,C:\Users\Newsk\Downloads\pokemon\data\images\machamp.png,120,120,1.0,RGBA,PNG,6.419921875,True,0.7706944444444445,145.60145366444578,154.97970926711085,169.52604482132043,153.83389309509388,45.814197341538616,False
bellsprout,Grass,Poison,,C:\Users\Newsk\Downloads\pokemon\data\images\bellsprout.png,120,120,1.0,RGBA,PNG,2.1123046875,True,0.9411111111111111,163.01415094339623,182.38561320754718,125.20754716981132,170.07524646226415,47.78485362706236,True
weepinbell,Grass,Poison,,C:\Users\Newsk\Downloads\pokemon\data\images\weepinbell.png,120,120,1.0,RGBA,PNG,2.595703125,True,0.9150694444444445,184.48896156991006,197.78250204415372,131.77187244480785,186.28252166802943,53.15315141136281,True
victreebel,Grass,Poison,,C:\Users\Newsk\Downloads\pokemon\data\images\victreebel.png,120,120,1.0,RGBA,PNG,4.0869140625,True,0.8374305555555556,185.83895771038019,200.10123878684323,119.65912003417343,186.6664152071764,51.543882145605565,True
tentacool,Water,Poison,,C:\Users\Newsk\Downloads\pokemon\data\images\tentacool.png,120,120,1.0,RGBA,PNG,2.4716796875,True,0.9363194444444445,152.87568157033806,161.97491821155944,178.60196292257362,161.14972955288985,44.53808022452329,True
tentacruel,Water,Poison,,C:\Users\Newsk\Downloads\pokemon\data\images\tentacruel.png,120,120,1.0,RGBA,PNG,4.185546875,True,0.8527777777777777,149.63537735849056,150.03584905660378,162.45377358490566,151.33175141509435,53.08045287588861,True
geodude,Rock,Ground,,C:\Users\Newsk\Downloads\pokemon\data\images\geodude.png,120,120,1.0,RGBA,PNG,2.2587890625,True,0.9359722222222222,171.83405639913232,168.43926247288502,158.29826464208242,168.29823210412147,42.435932109147295,True
graveler,Rock,Ground,,C:\Users\Newsk\Downloads\pokemon\data\images\graveler.png,120,120,1.0,RGBA,PNG,4.7626953125,True,0.7893055555555556,178.86980883322346,174.0510876730389,163.6242584047462,174.30322676334873,35.94450396868815,True
golem,Rock,Ground,,C:\Users\Newsk\Downloads\pokemon\data\images\golem.png,120,120,1.0,RGBA,PNG,5.908203125,True,0.7326388888888888,141.13194805194806,133.88597402597404,128.87558441558443,135.48133584415586,39.02986775382047,True
ponyta,Fire,,,C:\Users\Newsk\Downloads\pokemon\data\images\ponyta.png,120,120,1.0,RGBA,PNG,3.3037109375,True,0.8986111111111111,217.1054794520548,184.92328767123288,119.0068493150685,187.03128904109587,55.32584838943707,False
rapidash,Fire,,,C:\Users\Newsk\Downloads\pokemon\data\images\rapidash.png,120,120,1.0,RGBA,PNG,6.03125,True,0.7783333333333333,227.2982456140351,175.296679197995,93.77506265664161,181.5516832706767,51.431788165619466,False
slowpoke,Water,Psychic,,C:\Users\Newsk\Downloads\pokemon\data\images\slowpoke.png,120,120,1.0,RGBA,PNG,2.689453125,True,0.903125,218.27885304659497,178.6258064516129,187.1720430107527,191.4563383512545,38.419035352276836,True
slowbro,Water,Psychic,,C:\Users\Newsk\Downloads\pokemon\data\images\slowbro.png,120,120,1.0,RGBA,PNG,5.4228515625,True,0.7711111111111111,204.75728155339806,182.63622572815535,187.8941140776699,189.84982069174757,46.722404247971554,True
magnemite,Electric,Steel,,C:\Users\Newsk\Downloads\pokemon\data\images\magnemite.png,120,120,1.0,RGBA,PNG,1.833984375,True,0.9519444444444445,153.89306358381504,165.20231213872833,167.73265895953756,162.1093063583815,58.66361912277869,True
magneton,Electric,Steel,,C:\Users\Newsk\Downloads\pokemon\data\images\magneton.png,120,120,1.0,RGBA,PNG,5.890625,True,0.8172916666666666,149.03458760927404,160.2508551881414,162.28582288103382,157.12917749904977,55.72738234603391,True
farfetchd,Normal,Flying,,C:\Users\Newsk\Downloads\pokemon\data\images\farfetchd.png,120,120,1.0,RGBA,PNG,2.677734375,True,0.9154861111111111,188.0493015612161,175.4593262119967,138.94987674609695,175.0616516023007,45.54017593211428,True
doduo,Normal,Flying,,C:\Users\Newsk\Downloads\pokemon\data\images\doduo.png,120,120,1.0,RGBA,PNG,2.88671875,True,0.9251388888888888,188.6818181818182,153.96846011131726,124.64656771799629,161.00505844155848,47.37284050988762,True
dodrio,Normal,Flying,,C:\Users\Newsk\Downloads\pokemon\data\images\dodrio.png,120,120,1.0,RGBA,PNG,4.92578125,True,0.8722222222222222,164.25380434782608,137.49510869565216,114.8586956521739,142.91540760869566,58.72352980455689,True
seel,Water,,,C:\Users\Newsk\Downloads\pokemon\data\images\seel.png,120,120,1.0,RGBA,PNG,2.2734375,True,0.9166666666666666,212.59333333333333,211.41666666666666,216.51916666666668,212.350175,44.04246424886678,False
dewgong,Water,Ice,,C:\Users\Newsk\Downloads\pokemon\data\images\dewgong.png,120,120,1.0,RGBA,PNG,2.6884765625,True,0.8941666666666667,219.55708661417322,219.64566929133858,224.0,220.11557677165354,41.32714297574984,True
grimer,Poison,,,C:\Users\Newsk\Downloads\pokemon\data\images\grimer.png,120,120,1.0,RGBA,PNG,2.9716796875,True,0.8922222222222222,151.14046391752578,128.00322164948454,157.62048969072166,138.2976256443299,43.94541792131822,False
muk,Poison,,,C:\Users\Newsk\Downloads\pokemon\data\images\muk.png,120,120,1.0,RGBA,PNG,5.0615234375,True,0.7417361111111112,145.17450927668727,130.20623823608497,149.12422694272655,136.8384019897822,42.74099778004965,False
shellder,Water,,,C:\Users\Newsk\Downloads\pokemon\data\images\shellder.png,120,120,1.0,RGBA,PNG,2.52734375,True,0.9177083333333333,133.26497890295357,125.4548523206751,150.4168776371308,130.6357510548523,75.54206877861644,False
cloyster,Water,Ice,,C:\Users\Newsk\Downloads\pokemon\data\images\cloyster.png,120,120,1.0,RGBA,PNG,5.4560546875,True,0.785625,144.07126660187885,136.90702947845804,165.58049886621316,142.31791188856494,49.74644913421378,True
gastly,Ghost,Poison,,C:\Users\Newsk\Downloads\pokemon\data\images\gastly.png,120,120,1.0,RGBA,PNG,2.9775390625,True,0.9016666666666666,113.18502824858757,99.06002824858757,123.40112994350282,106.05828884180791,60.56544806114007,True
haunter,Ghost,Poison,,C:\Users\Newsk\Downloads\pokemon\data\images\haunter.png,120,120,1.0,RGBA,PNG,4.0439453125,True,0.8470833333333333,147.99727520435968,135.67302452316076,179.36103542234332,144.33840871934603,37.70338523826657,True
gengar,Ghost,Poison,,C:\Users\Newsk\Downloads\pokemon\data\images\gengar.png,120,120,1.0,RGBA,PNG,4.3896484375,True,0.765,140.82978723404256,129.47074468085106,170.93173758865248,137.59365159574466,43.15467034698063,True
onix,Rock,Ground,,C:\Users\Newsk\Downloads\pokemon\data\images\onix.png,120,120,1.0,RGBA,PNG,4.5380859375,True,0.8200000000000001,136.65007716049382,135.65586419753086,136.95833333333334,136.10161535493828,44.6843337817097,True
drowzee,Psychic,,,C:\Users\Newsk\Downloads\pokemon\data\images\drowzee.png,120,120,1.0,RGBA,PNG,2.9033203125,True,0.8741666666666666,178.00110375275938,169.28642384105962,70.60485651214128,160.64241445916113,64.87644988115468,False
hypno,Psychic,,,C:\Users\Newsk\Downloads\pokemon\data\images\hypno.png,120,120,1.0,RGBA,PNG,4.5087890625,True,0.8331944444444445,219.92214820982514,207.2610324729392,93.94296419650291,198.12844629475433,42.508524732965945,False
krabby,Water,,,C:\Users\Newsk\Downloads\pokemon\data\images\krabby.png,120,120,1.0,RGBA,PNG,3.423828125,True,0.9131944444444444,194.6272,162.8608,140.1944,169.77498400000002,50.11168613849412,False
kingler,Water,,,C:\Users\Newsk\Downloads\pokemon\data\images\kingler.png,120,120,1.0,RGBA,PNG,4.833984375,True,0.8363888888888888,206.446519524618,158.09592529711375,126.74702886247877,168.97897877758913,50.28467107862115,False
voltorb,Electric,,,C:\Users\Newsk\Downloads\pokemon\data\images\voltorb.png,120,120,1.0,RGBA,PNG,2.0146484375,True,0.9040277777777778,217.97033285094068,160.79811866859623,155.58176555716352,177.29794645441388,34.95796803651073,False
electrode,Electric,,,C:\Users\Newsk\Downloads\pokemon\data\images\electrode.png,120,120,1.0,RGBA,PNG,2.8583984375,True,0.8311805555555556,211.78362813656932,194.6495269436446,198.93212669683257,200.2608395721925,59.74765200505718,False
exeggcute,Grass,Psychic,,C:\Users\Newsk\Downloads\pokemon\data\images\exeggcute.png,120,120,1.0,RGBA,PNG,2.6669921875,True,0.8931944444444444,219.32379713914173,200.03771131339403,202.68920676202862,206.10652145643695,42.450050526097904,True
exeggutor,Grass,Psychic,,C:\Users\Newsk\Downloads\pokemon\data\images\exeggutor.png,120,120,1.0,RGBA,PNG,6.3759765625,True,0.7755555555555556,159.99783415841586,174.87345297029702,141.37840346534654,166.60720730198022,51.2201234229294,True
cubone,Ground,,,C:\Users\Newsk\Downloads\pokemon\data\images\cubone.png,120,120,1.0,RGBA,PNG,2.546875,True,0.9209027777777777,197.8867427568042,185.81035996488148,169.49341527655838,187.56106672519752,52.290547123600184,False
marowak,Ground,,,C:\Users\Newsk\Downloads\pokemon\data\images\marowak.png,120,120,1.0,RGBA,PNG,3.578125,True,0.8736111111111111,202.121978021978,189.40274725274725,168.85824175824175,190.86372362637363,47.98232180411009,False
hitmonlee,Fighting,,,C:\Users\Newsk\Downloads\pokemon\data\images\hitmonlee.png,120,120,1.0,RGBA,PNG,3.548828125,True,0.886875,178.38919582565993,160.65745856353593,149.56660527931245,164.69489073050954,46.01289024093643,False
hitmonchan,Fighting,,,C:\Users\Newsk\Downloads\pokemon\data\images\hitmonchan.png,120,120,1.0,RGBA,PNG,3.7421875,True,0.8920833333333333,179.54504504504504,154.11518661518662,148.87644787644788,161.12149806949805,52.299052969741716,False
lickitung,Normal,,,C:\Users\Newsk\Downloads\pokemon\data\images\lickitung.png,120,120,1.0,RGBA,PNG,3.404296875,True,0.8709722222222223,222.21313240043057,181.40312163616792,183.20667384284175,193.81091980624325,38.51543153172296,False
koffing,Poison,,,C:\Users\Newsk\Downloads\pokemon\data\images\koffing.png,120,120,1.0,RGBA,PNG,2.34765625,True,0.9284722222222223,163.152427184466,152.03300970873786,174.62233009708737,157.93289805825242,37.835674207553026,False
weezing,Poison,,,C:\Users\Newsk\Downloads\pokemon\data\images\weezing.png,120,120,1.0,RGBA,PNG,4.490234375,True,0.8522916666666667,167.44334743770568,151.08791725434884,159.49271274094968,156.93633756464504,39.974342533295854,False
rhyhorn,Ground,Rock,,C:\Users\Newsk\Downloads\pokemon\data\images\rhyhorn.png,120,120,1.0,RGBA,PNG,3.5966796875,True,0.8511111111111112,149.4412313432836,157.90158582089552,170.90065298507463,156.85383348880595,41.222600277412425,True
rhydon,Ground,Rock,,C:\Users\Newsk\Downloads\pokemon\data\images\rhydon.png,120,120,1.0,RGBA,PNG,5.603515625,True,0.7686805555555556,168.34884419093365,170.45782047433204,175.69648754127888,170.42444461122787,47.666585828306694,True
chansey,Normal,,,C:\Users\Newsk\Downloads\pokemon\data\images\chansey.png,120,120,1.0,RGBA,PNG,3.29296875,True,0.8336805555555555,223.24008350730688,187.52901878914406,199.71649269311064,199.59599916492695,40.56734512599006,False
tangela,Grass,,,C:\Users\Newsk\Downloads\pokemon\data\images\tangela.png,120,120,1.0,RGBA,PNG,3.9443359375,True,0.8718055555555555,107.97941495124594,136.35861321776815,154.06067172264355,129.8912676056338,59.442273119216466,False
kangaskhan,Normal,,,C:\Users\Newsk\Downloads\pokemon\data\images\kangaskhan.png,120,120,1.0,RGBA,PNG,5.8046875,True,0.7185416666666666,177.40414507772022,153.36738218603503,122.37429064890205,157.02116185541573,52.200831273733975,False
horsea,Water,,,C:\Users\Newsk\Downloads\pokemon\data\images\horsea.png,120,120,1.0,RGBA,PNG,2.1005859375,True,0.9457638888888888,158.28040973111396,194.09475032010243,199.7989756722151,184.0365441741357,44.65126213855091,False
seadra,Water,,,C:\Users\Newsk\Downloads\pokemon\data\images\seadra.png,120,120,1.0,RGBA,PNG,3.5888671875,True,0.8924305555555556,154.36604260813428,193.49967721110394,199.52743705616527,182.48588508715298,43.18832596537079,False
goldeen,Water,,,C:\Users\Newsk\Downloads\pokemon\data\images\goldeen.png,120,120,1.0,RGBA,PNG,2.0791015625,True,0.9416666666666667,199.71547619047618,191.68809523809523,186.50714285714287,193.49765357142854,49.36945356712886,False
seaking,Water,,,C:\Users\Newsk\Downloads\pokemon\data\images\seaking.png,120,120,1.0,RGBA,PNG,3.046875,True,0.8938194444444445,206.94571615434924,176.0758665794637,163.324395029431,183.85228384565076,55.58531477140323,False
staryu,Water,,,C:\Users\Newsk\Downloads\pokemon\data\images\staryu.png,120,120,1.0,RGBA,PNG,2.6220703125,True,0.9231944444444444,177.4873417721519,150.10940325497288,87.39150090415913,151.1455660036166,48.00213942280154,False
starmie,Water,Psychic,,C:\Users\Newsk\Downloads\pokemon\data\images\starmie.png,120,120,1.0,RGBA,PNG,4.1787109375,True,0.8538888888888889,173.29990494296578,157.18963878326997,156.14923954372622,161.88800285171104,48.49256943428905,True
mr-mime,Psychic,Fairy,,C:\Users\Newsk\Downloads\pokemon\data\images\mr-mime.png,120,120,1.0,RGBA,PNG,5.310546875,True,0.8438888888888889,161.1779359430605,149.3211743772242,164.35453736654804,154.58014946619215,68.46556993403509,True
scyther,Bug,Flying,,C:\Users\Newsk\Downloads\pokemon\data\images\scyther.png,120,120,1.0,RGBA,PNG,5.2783203125,True,0.8529861111111111,173.606518658479,195.30845536136042,155.61313179026925,184.29430940009445,47.36428580943911,True
jynx,Ice,Psychic,,C:\Users\Newsk\Downloads\pokemon\data\images\jynx.png,120,120,1.0,RGBA,PNG,4.919921875,True,0.7959027777777777,209.13916298060565,142.74174889418168,137.12317114664853,161.95405784280365,47.20136489704131,True
electabuzz,Electric,,,C:\Users\Newsk\Downloads\pokemon\data\images\electabuzz.png,120,120,1.0,RGBA,PNG,5.6142578125,True,0.8252083333333333,167.80810488676997,158.09415971394517,94.53039332538737,153.75235995232418,74.33799186042248,False
magmar,Fire,,,C:\Users\Newsk\Downloads\pokemon\data\images\magmar.png,120,120,1.0,RGBA,PNG,5.1796875,True,0.8272222222222222,202.97829581993568,140.20217041800643,79.41358520900322,152.0423331993569,55.88930949158032,False
pinsir,Bug,,,C:\Users\Newsk\Downloads\pokemon\data\images\pinsir.png,120,120,1.0,RGBA,PNG,5.0654296875,True,0.8340277777777778,176.85648535564854,166.4020920502092,165.2355648535565,169.39497154811716,54.46352898256169,False
tauros,Normal,,,C:\Users\Newsk\Downloads\pokemon\data\images\tauros.png,120,120,1.0,RGBA,PNG,4.78125,True,0.8297222222222222,164.3352365415987,143.4820554649266,117.49184339314846,146.75427243066883,41.76149692110378,False
magikarp,Water,,,C:\Users\Newsk\Downloads\pokemon\data\images\magikarp.png,120,120,1.0,RGBA,PNG,2.943359375,True,0.9145833333333333,202.20243902439023,151.00569105691056,125.59837398373983,163.4170845528455,47.668961130943686,False
gyarados,Water,Flying,,C:\Users\Newsk\Downloads\pokemon\data\images\gyarados.png,120,120,1.0,RGBA,PNG,5.93359375,True,0.7985416666666667,132.30885901413305,159.01378834884522,165.18441916580488,151.73246639089967,53.97670663548644,True
lapras,Water,Ice,,C:\Users\Newsk\Downloads\pokemon\data\images\lapras.png,120,120,1.0,RGBA,PNG,4.4775390625,True,0.8061111111111111,156.64147564469914,194.15365329512895,205.8997134670487,184.27656303724928,44.10052262596041,True
ditto,Normal,,,C:\Users\Newsk\Downloads\pokemon\data\images\ditto.png,120,120,1.0,RGBA,PNG,1.544921875,True,0.9229166666666666,203.46756756756756,183.04774774774774,219.2846846846847,193.28428468468468,32.09671475889003,False
eevee,Normal,,,C:\Users\Newsk\Downloads\pokemon\data\images\eevee.png,120,120,1.0,RGBA,PNG,2.9404296875,True,0.9047222222222222,170.55903790087464,131.24271137026238,87.28498542274052,137.98711224489796,67.06480641534885,False
vaporeon,Water,,,C:\Users\Newsk\Downloads\pokemon\data\images\vaporeon.png,120,120,1.0,RGBA,PNG,4.4140625,True,0.860625,149.93522670652715,190.11958146487294,200.27852516193323,179.2625789735924,50.914206503764134,False
jolteon,Electric,,,C:\Users\Newsk\Downloads\pokemon\data\images\jolteon.png,120,120,1.0,RGBA,PNG,4.2041015625,True,0.8821527777777778,196.49911608721274,184.9027695934001,120.5633470830878,181.03538302887446,61.1311975584616,False
flareon,Fire,,,C:\Users\Newsk\Downloads\pokemon\data\images\flareon.png,120,120,1.0,RGBA,PNG,4.541015625,True,0.8221527777777777,212.66458414681765,181.6587270597423,119.55564232721593,183.8497266692698,63.20234336373287,False
porygon,Normal,,,C:\Users\Newsk\Downloads\pokemon\data\images\porygon.png,120,120,1.0,RGBA,PNG,1.8955078125,True,0.9402777777777778,125.54767441860466,164.8674418604651,172.85232558139535,154.02110813953485,42.041869738959136,False
omanyte,Rock,Water,,C:\Users\Newsk\Downloads\pokemon\data\images\omanyte.png,120,120,1.0,RGBA,PNG,2.3525390625,True,0.9150694444444445,184.24529844644317,196.1896974652494,172.49959116925592,189.91765004088307,55.57209365264956,True
omastar,Rock,Water,,C:\Users\Newsk\Downloads\pokemon\data\images\omastar.png,120,120,1.0,RGBA,PNG,4.3447265625,True,0.8534722222222222,166.21611374407584,191.07535545023697,177.56729857819906,182.10252369668248,53.65853234791186,True
kabuto,Rock,Water,,C:\Users\Newsk\Downloads\pokemon\data\images\kabuto.png,120,120,1.0,RGBA,PNG,2.0556640625,True,0.9257638888888888,167.95229186155285,133.0598690364827,101.55472404115996,139.90111693171187,57.072822346157174,True
kabutops,Rock,Water,,C:\Users\Newsk\Downloads\pokemon\data\images\kabutops.png,120,120,1.0,RGBA,PNG,4.001953125,True,0.8748611111111111,180.08157602663707,146.65371809100998,105.3085460599334,151.93529800221972,49.35172999848067,True
aerodactyl,Rock,Flying,,C:\Users\Newsk\Downloads\pokemon\data\images\aerodactyl.png,120,120,1.0,RGBA,PNG,5.1904296875,True,0.8421527777777778,174.82490101187858,162.9150901891773,180.8015838099428,168.51518389793227,49.761398340457454,True
snorlax,Normal,,,C:\Users\Newsk\Downloads\pokemon\data\images\snorlax.png,120,120,1.0,RGBA,PNG,4.3662109375,True,0.7357638888888889,148.52904073587385,176.02654402102496,181.64756898817345,168.4455873850197,80.72624375233997,False
articuno,Ice,Flying,,C:\Users\Newsk\Downloads\pokemon\data\images\articuno.png,120,120,1.0,RGBA,PNG,6.251953125,True,0.809236111111111,126.1062977793957,168.8281761922097,196.88496541681835,159.2528085183837,47.71209257173509,True
zapdos,Electric,Flying,,C:\Users\Newsk\Downloads\pokemon\data\images\zapdos.png,120,120,1.0,RGBA,PNG,5.939453125,True,0.835,189.68265993265993,173.34638047138048,111.25799663299664,171.15285227272727,61.69943470465008,True
moltres,Fire,Flying,,C:\Users\Newsk\Downloads\pokemon\data\images\moltres.png,120,120,1.0,RGBA,PNG,6.8671875,True,0.8015972222222222,219.050402520126,160.97829891494575,65.71193559677984,167.4814924746237,39.00116467875858,True
dratini,Dragon,,,C:\Users\Newsk\Downloads\pokemon\data\images\dratini.png,120,120,1.0,RGBA,PNG,2.4345703125,True,0.9207638888888889,193.12883435582822,198.7905346187555,211.77300613496934,198.5776879929886,50.50637752655054,False
dragonair,Dragon,,,C:\Users\Newsk\Downloads\pokemon\data\images\dragonair.png,120,120,1.0,RGBA,PNG,3.0068359375,True,0.8952777777777778,172.41445623342176,193.1054376657825,214.48076923076923,189.35562201591512,53.24197057408534,False
dragonite,Dragon,Flying,,C:\Users\Newsk\Downloads\pokemon\data\images\dragonite.png,120,120,1.0,RGBA,PNG,5.103515625,True,0.8083333333333333,205.0018115942029,184.52572463768115,127.02463768115942,184.09295072463766,47.28556833419846,True
mewtwo,Psychic,,,C:\Users\Newsk\Downloads\pokemon\data\images\mewtwo.png,120,120,1.0,RGBA,PNG,4.822265625,True,0.8360416666666667,202.20626853028378,188.72892842016094,203.08216857263872,194.39492249047012,45.588581360703664,False
mew,Psychic,,,C:\Users\Newsk\Downloads\pokemon\data\images\mew.png,120,120,1.0,RGBA,PNG,1.982421875,True,0.9483333333333334,210.6290322580645,180.6290322580645,196.54301075268816,191.4132258064516,39.694517544544766,False
chikorita,Grass,,,C:\Users\Newsk\Downloads\pokemon\data\images\chikorita.png,120,120,1.0,RGBA,PNG,2.4423828125,True,0.9190277777777778,185.61663807890224,203.41595197255575,151.58747855917667,192.18551114922812,53.036516578080544,False
bayleef,Grass,,,C:\Users\Newsk\Downloads\pokemon\data\images\bayleef.png,120,120,1.0,RGBA,PNG,3.546875,True,0.8825694444444444,194.27380248373743,197.38143110585452,126.33530455351863,188.3529917208752,44.2076153675857,False
meganium,Grass,,,C:\Users\Newsk\Downloads\pokemon\data\images\meganium.png,120,120,1.0,RGBA,PNG,5.2314453125,True,0.78375,196.53821451509313,190.417469492614,138.93577392421324,186.37865895953755,39.84032311018606,False
cyndaquil,Fire,,,C:\Users\Newsk\Downloads\pokemon\data\images\cyndaquil.png,120,120,1.0,RGBA,PNG,2.2509765625,True,0.925,165.19907407407408,175.8074074074074,143.72407407407408,168.97801574074074,69.16942314248139,False
quilava,Fire,,,C:\Users\Newsk\Downloads\pokemon\data\images\quilava.png,120,120,1.0,RGBA,PNG,2.544921875,True,0.9096527777777778,137.60491929285166,154.11222136817833,132.4012298232129,146.7014850115296,70.67024523436824,False
typhlosion,Fire,,,C:\Users\Newsk\Downloads\pokemon\data\images\typhlosion.png,120,120,1.0,RGBA,PNG,3.705078125,True,0.7910416666666666,217.847789963443,208.6949152542373,142.46028580923894,203.88087703556,53.23402959570608,False
totodile,Water,,,C:\Users\Newsk\Downloads\pokemon\data\images\totodile.png,120,120,1.0,RGBA,PNG,3.166015625,True,0.8890972222222222,113.77457733249844,176.11396368190356,176.34564809016908,157.5008991859737,42.39593516048417,False
croconaw,Water,,,C:\Users\Newsk\Downloads\pokemon\data\images\croconaw.png,120,120,1.0,RGBA,PNG,3.7626953125,True,0.8532638888888888,162.24609559867486,186.27922385234265,165.31708471367725,176.70363464268812,44.11649239403374,False
feraligatr,Water,,,C:\Users\Newsk\Downloads\pokemon\data\images\feraligatr.png,120,120,1.0,RGBA,PNG,5.9951171875,True,0.7530555555555556,137.2179415073116,191.3664229471316,202.25140607424072,176.41691507311586,38.46195219846309,False
sentret,Normal,,,C:\Users\Newsk\Downloads\pokemon\data\images\sentret.png,120,120,1.0,RGBA,PNG,2.8740234375,True,0.9057638888888889,163.02505526897568,130.66912306558586,113.65880619012528,138.4043706705969,54.669325283858235,False
furret,Normal,,,C:\Users\Newsk\Downloads\pokemon\data\images\furret.png,120,120,1.0,RGBA,PNG,4.232421875,True,0.8325,201.3391376451078,173.64469320066334,145.46268656716418,178.71258333333333,56.834078235595776,False
hoothoot,Normal,Flying,,C:\Users\Newsk\Downloads\pokemon\data\images\hoothoot.png,120,120,1.0,RGBA,PNG,3.21484375,True,0.8972916666666667,176.96146044624746,145.1162947937796,120.16632860040568,151.79370317782283,66.26449879869094,True
noctowl,Normal,Flying,,C:\Users\Newsk\Downloads\pokemon\data\images\noctowl.png,120,120,1.0,RGBA,PNG,4.74609375,True,0.8282638888888889,169.5086938940558,137.26849979781642,109.62596037201779,143.75706833805094,49.78504671335044,True
ledyba,Bug,Flying,,C:\Users\Newsk\Downloads\pokemon\data\images\ledyba.png,120,120,1.0,RGBA,PNG,3.40234375,True,0.9011805555555555,190.84399156711174,163.8854532677442,128.4434293745608,167.90566549543217,59.41284102465024,True
ledian,Bug,Flying,,C:\Users\Newsk\Downloads\pokemon\data\images\ledian.png,120,120,1.0,RGBA,PNG,3.6396484375,True,0.8949305555555556,175.526768010575,128.20621282220753,124.64111037673496,141.94863714474553,68.69965680907916,True
spinarak,Bug,Poison,,C:\Users\Newsk\Downloads\pokemon\data\images\spinarak.png,120,120,1.0,RGBA,PNG,1.9111328125,True,0.9525694444444445,161.9575402635432,171.21961932650072,116.28696925329429,162.1879355783309,61.7036737459525,True
ariados,Bug,Poison,,C:\Users\Newsk\Downloads\pokemon\data\images\ariados.png,120,120,1.0,RGBA,PNG,3.7099609375,True,0.9063888888888889,179.65727002967358,133.63501483679525,127.73590504451039,146.72317062314536,54.34134276832017,True
crobat,Poison,Flying,,C:\Users\Newsk\Downloads\pokemon\data\images\crobat.png,120,120,1.0,RGBA,PNG,5.2412109375,True,0.824861111111111,126.75773195876289,133.84932593180017,167.67684377478193,135.58527636796194,37.0731912192005,True
chinchou,Water,Electric,,C:\Users\Newsk\Downloads\pokemon\data\images\chinchou.png,120,120,1.0,RGBA,PNG,3.208984375,True,0.8996527777777777,170.5612456747405,174.48166089965397,146.53979238754326,170.1240837370242,59.79415882718913,True
lanturn,Water,Electric,,C:\Users\Newsk\Downloads\pokemon\data\images\lanturn.png,120,120,1.0,RGBA,PNG,3.4990234375,True,0.8753472222222223,167.99721448467966,174.73036211699164,168.23899721448467,171.97713537604454,51.16530641346091,True
pichu,Electric,,,C:\Users\Newsk\Downloads\pokemon\data\images\pichu.png,120,120,1.0,RGBA,PNG,2.60546875,True,0.9207638888888889,173.6319018404908,166.30324276950043,111.0219106047327,162.19243996494302,79.20402949855081,False
cleffa,Fairy,,,C:\Users\Newsk\Downloads\pokemon\data\images\cleffa.png,120,120,1.0,RGBA,PNG,2.1708984375,True,0.9148611111111111,208.92332789559543,182.31239804241434,170.25285481239806,188.89427814029364,52.339354953494826,False
igglybuff,Normal,Fairy,,C:\Users\Newsk\Downloads\pokemon\data\images\igglybuff.png,120,120,1.0,RGBA,PNG,2.0380859375,True,0.9299999999999999,215.7043650793651,188.93551587301587,192.02083333333334,197.29112797619047,50.98730698822209,True
togepi,Fairy,,,C:\Users\Newsk\Downloads\pokemon\data\images\togepi.png,120,120,1.0,RGBA,PNG,2.861328125,True,0.9109722222222222,196.42589703588143,191.47659906396257,176.33853354134166,191.2306996879875,54.70013194954367,False
togetic,Fairy,Flying,,C:\Users\Newsk\Downloads\pokemon\data\images\togetic.png,120,120,1.0,RGBA,PNG,2.8037109375,True,0.9026388888888889,206.944365192582,198.84450784593437,196.41583452211128,200.9894964336662,51.35559422618112,True
natu,Psychic,Flying,,C:\Users\Newsk\Downloads\pokemon\data\images\natu.png,120,120,1.0,RGBA,PNG,2.0732421875,True,0.9318055555555556,163.30651731160896,172.87983706720976,74.95417515274949,158.85388900203665,50.967176486769446,True
xatu,Psychic,Flying,,C:\Users\Newsk\Downloads\pokemon\data\images\xatu.png,120,120,1.0,RGBA,PNG,3.841796875,True,0.8590972222222222,165.87333661902414,161.7106949236077,109.90044356826023,157.04895613602758,66.65634321375879,True
mareep,Electric,,,C:\Users\Newsk\Downloads\pokemon\data\images\mareep.png,120,120,1.0,RGBA,PNG,3.0751953125,True,0.8821527777777778,182.76193282262815,184.36181496758985,161.8815556865056,181.3207006482027,57.42602913158803,False
flaaffy,Electric,,,C:\Users\Newsk\Downloads\pokemon\data\images\flaaffy.png,120,120,1.0,RGBA,PNG,3.4765625,True,0.8720833333333333,210.18349619978284,186.3056460369164,200.26058631921825,195.03598642779588,46.49122027538285,False
ampharos,Electric,,,C:\Users\Newsk\Downloads\pokemon\data\images\ampharos.png,120,120,1.0,RGBA,PNG,4.236328125,True,0.8320833333333333,220.44086021505376,203.09015715467328,117.60835401157982,198.53309181141438,50.00533897060165,False
bellossom,Grass,,,C:\Users\Newsk\Downloads\pokemon\data\images\bellossom.png,120,120,1.0,RGBA,PNG,3.451171875,True,0.8779861111111111,158.33978372225386,155.30677290836653,97.30335799658509,149.60125384177576,48.63342884239199,False
marill,Water,Fairy,,C:\Users\Newsk\Downloads\pokemon\data\images\marill.png,120,120,1.0,RGBA,PNG,2.5830078125,True,0.9030555555555555,121.49928366762178,163.0028653295129,190.21991404011462,153.69603796561603,50.17930613528323,True
azumarill,Water,Fairy,,C:\Users\Newsk\Downloads\pokemon\data\images\azumarill.png,120,120,1.0,RGBA,PNG,4.583984375,True,0.8093055555555555,92.13437727603787,149.50655498907503,183.51602330662783,136.22935324107792,42.8820076971467,True
sudowoodo,Rock,,,C:\Users\Newsk\Downloads\pokemon\data\images\sudowoodo.png,120,120,1.0,RGBA,PNG,3.6484375,True,0.8958333333333334,135.34333333333333,130.3,96.36666666666666,127.93955666666666,36.52183739870512,False
politoed,Water,,,C:\Users\Newsk\Downloads\pokemon\data\images\politoed.png,120,120,1.0,RGBA,PNG,4.427734375,True,0.8347916666666666,164.5065153425809,194.63345943673812,89.06683480453972,173.59090794451447,43.127057018883896,False
hoppip,Grass,Flying,,C:\Users\Newsk\Downloads\pokemon\data\images\hoppip.png,120,120,1.0,RGBA,PNG,2.46875,True,0.9293750000000001,181.83382497541788,138.36479842674532,134.14650934119962,150.88115240904622,49.44012535770735,True
skiploom,Grass,Flying,,C:\Users\Newsk\Downloads\pokemon\data\images\skiploom.png,120,120,1.0,RGBA,PNG,2.2490234375,True,0.9100694444444445,137.42162162162163,184.5791505791506,61.359073359073356,156.43196061776064,29.65872160874197,True
jumpluff,Grass,Flying,,C:\Users\Newsk\Downloads\pokemon\data\images\jumpluff.png,120,120,1.0,RGBA,PNG,4.4111328125,True,0.8188888888888889,181.22354294478527,180.74501533742333,179.20743865030676,180.71281134969325,56.20631953146099,True
aipom,Normal,,,C:\Users\Newsk\Downloads\pokemon\data\images\aipom.png,120,120,1.0,RGBA,PNG,3.6064453125,True,0.8932638888888889,185.5686402081978,153.98373454782043,166.89980481457386,164.90005335068315,53.14375071298231,False
sunkern,Grass,,,C:\Users\Newsk\Downloads\pokemon\data\images\sunkern.png,120,120,1.0,RGBA,PNG,2.2138671875,True,0.9375694444444445,158.23248053392658,152.21579532814238,78.74082313681869,145.63863737486093,72.86050946476996,False
sunflora,Grass,,,C:\Users\Newsk\Downloads\pokemon\data\images\sunflora.png,120,120,1.0,RGBA,PNG,3.8193359375,True,0.8772916666666667,176.7011884550085,188.90209394453876,103.87096774193549,175.56047481607243,46.74091451411198,False
yanma,Bug,Flying,,C:\Users\Newsk\Downloads\pokemon\data\images\yanma.png,120,120,1.0,RGBA,PNG,3.73046875,True,0.9045138888888888,179.97963636363636,166.992,144.72,168.33629527272728,61.502179659657706,True
wooper,Water,Ground,,C:\Users\Newsk\Downloads\pokemon\data\images\wooper.png,120,120,1.0,RGBA,PNG,2.490234375,True,0.92375,155.6183970856102,179.75409836065575,199.95081967213116,174.83994990892532,42.95942843450278,True
quagsire,Water,Ground,,C:\Users\Newsk\Downloads\pokemon\data\images\quagsire.png,120,120,1.0,RGBA,PNG,3.271484375,True,0.8139583333333333,161.18551698394924,203.72601717058603,218.83986562150056,192.7293863381859,30.01653684500682,True
espeon,Psychic,,,C:\Users\Newsk\Downloads\pokemon\data\images\espeon.png,120,120,1.0,RGBA,PNG,3.69921875,True,0.885,186.98128019323673,168.3894927536232,189.46557971014494,176.35111111111112,51.96506552416624,False
umbreon,Dark,,,C:\Users\Newsk\Downloads\pokemon\data\images\umbreon.png,120,120,1.0,RGBA,PNG,3.310546875,True,0.8849305555555556,92.86240193120096,101.82981291490646,89.54013277006638,97.74753349426673,54.78689776548289,False
murkrow,Dark,Flying,,C:\Users\Newsk\Downloads\pokemon\data\images\murkrow.png,120,120,1.0,RGBA,PNG,2.6689453125,True,0.9074305555555555,62.50187546886722,76.54613653413354,91.83270817704427,74.08957164291073,62.02200074029588,True
slowking,Water,Psychic,,C:\Users\Newsk\Downloads\pokemon\data\images\slowking.png,120,120,1.0,RGBA,PNG,4.732421875,True,0.8052777777777778,212.23930099857347,184.92546362339516,183.50249643366618,192.93008273894435,46.01281139984328,True
misdreavus,Ghost,,,C:\Users\Newsk\Downloads\pokemon\data\images\misdreavus.png,120,120,1.0,RGBA,PNG,2.974609375,True,0.88625,102.5934065934066,136.0995115995116,152.66971916971917,127.97018986568986,32.147974766249256,False
unown,Psychic,,,C:\Users\Newsk\Downloads\pokemon\data\images\unown.png,120,120,1.0,RGBA,PNG,1.810546875,True,0.9479861111111111,102.8090787716956,112.17222963951936,118.91588785046729,110.1414245660881,91.2914248408064,False
wobbuffet,Psychic,,,C:\Users\Newsk\Downloads\pokemon\data\images\wobbuffet.png,120,120,1.0,RGBA,PNG,2.9169921875,True,0.8614583333333333,108.7609022556391,181.4842105263158,216.99799498746867,163.78851278195486,31.27298595753149,False
girafarig,Normal,Psychic,,C:\Users\Newsk\Downloads\pokemon\data\images\girafarig.png,120,120,1.0,RGBA,PNG,3.84375,True,0.8714583333333333,171.2188006482982,136.0880605078336,63.78552133981631,138.34966234467853,73.42823929069955,True
pineco,Bug,,,C:\Users\Newsk\Downloads\pokemon\data\images\pineco.png,120,120,1.0,RGBA,PNG,3.4541015625,True,0.8740277777777777,70.27618522601985,100.67144432194047,96.39084895259096,91.09527398015436,49.90198946716507,False
forretress,Bug,Steel,,C:\Users\Newsk\Downloads\pokemon\data\images\forretress.png,120,120,1.0,RGBA,PNG,5.111328125,True,0.7725,186.0515873015873,139.37912087912088,140.75396825396825,153.49092094017092,71.24803194251388,True
dunsparce,Normal,,,C:\Users\Newsk\Downloads\pokemon\data\images\dunsparce.png,120,120,1.0,RGBA,PNG,2.7568359375,True,0.8994444444444445,163.93024861878453,188.31837016574585,141.19544198895028,175.6543080110497,57.47693617551951,False
gligar,Ground,Flying,,C:\Users\Newsk\Downloads\pokemon\data\images\gligar.png,120,120,1.0,RGBA,PNG,4.8115234375,True,0.8432638888888889,183.2733717323881,134.35179441736818,174.00664599025254,153.49999911386794,43.652355000127486,True
steelix,Steel,Ground,,C:\Users\Newsk\Downloads\pokemon\data\images\steelix.png,120,120,1.0,RGBA,PNG,5.35546875,True,0.7870833333333334,168.09393346379647,175.99347684279192,195.3747553816047,175.84097912589692,48.63335671999309,True
snubbull,Fairy,,,C:\Users\Newsk\Downloads\pokemon\data\images\snubbull.png,120,120,1.0,RGBA,PNG,3.4189453125,True,0.8765972222222222,193.09679234665165,140.14856499718627,147.15306696679798,156.77859819921213,48.34373418925504,False
granbull,Fairy,,,C:\Users\Newsk\Downloads\pokemon\data\images\granbull.png,120,120,1.0,RGBA,PNG,5.1552734375,True,0.7825,204.56385696040869,172.0801404853129,195.27841634738186,184.43737515964241,48.66142548550822,False
qwilfish,Water,Poison,,C:\Users\Newsk\Downloads\pokemon\data\images\qwilfish.png,120,120,1.0,RGBA,PNG,2.5634765625,True,0.9102083333333333,139.21191028615624,166.9095127610209,143.19489559164734,155.92446326372777,58.4460211064861,True
scizor,Bug,Steel,,C:\Users\Newsk\Downloads\pokemon\data\images\scizor.png,120,120,1.0,RGBA,PNG,5.515625,True,0.8340972222222223,185.18041021347844,108.6776894097949,107.46839681875261,131.41414357471746,50.1807090274541,True
shuckle,Bug,Rock,,C:\Users\Newsk\Downloads\pokemon\data\images\shuckle.png,120,120,1.0,RGBA,PNG,2.92578125,True,0.9086111111111111,215.78495440729483,168.09726443768997,89.65881458966565,173.41390045592706,52.227191022714116,True
heracross,Bug,Fighting,,C:\Users\Newsk\Downloads\pokemon\data\images\heracross.png,120,120,1.0,RGBA,PNG,5.306640625,True,0.824375,99.1799130090945,140.18386714116252,168.06919731119018,131.10261249505734,42.1266268901986,True
sneasel,Dark,Ice,,C:\Users\Newsk\Downloads\pokemon\data\images\sneasel.png,120,120,1.0,RGBA,PNG,3.478515625,True,0.8968055555555555,116.37617765814267,121.65006729475101,135.2893674293405,121.6280545087483,50.62962688066902,True
teddiursa,Normal,,,C:\Users\Newsk\Downloads\pokemon\data\images\teddiursa.png,120,120,1.0,RGBA,PNG,3.064453125,True,0.8945138888888888,208.36668861092824,153.43383805134957,90.42198815009876,162.675409479921,48.13669766394787,False
ursaring,Normal,,,C:\Users\Newsk\Downloads\pokemon\data\images\ursaring.png,120,120,1.0,RGBA,PNG,5.7001953125,True,0.7229861111111111,162.33567310102782,118.62271245926297,86.4051140636751,128.02008147405365,46.00642271003811,False
slugma,Fire,,,C:\Users\Newsk\Downloads\pokemon\data\images\slugma.png,120,120,1.0,RGBA,PNG,3.1962890625,True,0.8877777777777778,216.8335396039604,129.55507425742573,90.07858910891089,151.1510160891089,39.32275142469881,False
magcargo,Fire,Rock,,C:\Users\Newsk\Downloads\pokemon\data\images\magcargo.png,120,120,1.0,RGBA,PNG,4.0947265625,True,0.8073611111111111,192.86085075702957,109.2761355443403,88.2956020187455,131.87618457101658,39.733852066788444,True
swinub,Ice,Ground,,C:\Users\Newsk\Downloads\pokemon\data\images\swinub.png,120,120,1.0,RGBA,PNG,1.9208984375,True,0.9288888888888889,167.5390625,125.783203125,101.173828125,135.46273632812498,49.32483906026558,True
piloswine,Ice,Ground,,C:\Users\Newsk\Downloads\pokemon\data\images\piloswine.png,120,120,1.0,RGBA,PNG,3.318359375,True,0.7992361111111111,170.00103770321687,125.94258042199931,99.83604289173296,136.139913870633,36.227380405304366,True
corsola,Water,Rock,,C:\Users\Newsk\Downloads\pokemon\data\images\corsola.png,120,120,1.0,RGBA,PNG,3.517578125,True,0.8671527777777778,211.48510193413486,144.8029273392577,156.91583899634082,166.12176947203344,31.45902395922324,True
remoraid,Water,,,C:\Users\Newsk\Downloads\pokemon\data\images\remoraid.png,120,120,1.0,RGBA,PNG,2.3154296875,True,0.93875,173.36054421768708,190.48866213151928,175.702947845805,183.68178344671202,40.532301990292176,False
octillery,Water,,,C:\Users\Newsk\Downloads\pokemon\data\images\octillery.png,120,120,1.0,RGBA,PNG,3.2060546875,True,0.8647222222222222,211.86190965092402,94.93942505133471,74.45071868583162,127.56353542094456,34.518635858342066,False
delibird,Ice,Flying,,C:\Users\Newsk\Downloads\pokemon\data\images\delibird.png,120,120,1.0,RGBA,PNG,3.6953125,True,0.8550694444444444,197.5615716339243,149.47819837086726,142.756109247724,163.08880881648295,70.10717662420788,True
mantine,Water,Flying,,C:\Users\Newsk\Downloads\pokemon\data\images\mantine.png,120,120,1.0,RGBA,PNG,4.529296875,True,0.8153472222222222,145.03911244828882,151.16246709289206,167.60661902971043,151.20621737495296,62.73317250399569,True
skarmory,Steel,Flying,,C:\Users\Newsk\Downloads\pokemon\data\images\skarmory.png,120,120,1.0,RGBA,PNG,4.6953125,True,0.864375,163.19406041986687,151.09318996415772,162.7767537122376,156.04327649769587,59.01293941971357,True
houndour,Dark,Fire,,C:\Users\Newsk\Downloads\pokemon\data\images\houndour.png,120,120,1.0,RGBA,PNG,2.82421875,True,0.9025,113.18091168091168,103.92948717948718,94.98361823361823,105.67583404558405,62.30799512828365,True
houndoom,Dark,Fire,,C:\Users\Newsk\Downloads\pokemon\data\images\houndoom.png,120,120,1.0,RGBA,PNG,5.013671875,True,0.846875,127.28798185941044,112.9047619047619,106.56825396825397,116.4829827664399,65.46594492409193,True
kingdra,Water,Dragon,,C:\Users\Newsk\Downloads\pokemon\data\images\kingdra.png,120,120,1.0,RGBA,PNG,3.919921875,True,0.8904166666666666,124.00506970849176,170.33713561470216,184.5982256020279,158.10961216730038,38.145433453531815,True
phanpy,Ground,,,C:\Users\Newsk\Downloads\pokemon\data\images\phanpy.png,120,120,1.0,RGBA,PNG,2.6787109375,True,0.8850694444444445,156.9474320241692,194.33474320241692,196.01208459214502,183.34715407854986,40.329612301750345,False
donphan,Ground,,,C:\Users\Newsk\Downloads\pokemon\data\images\donphan.png,120,120,1.0,RGBA,PNG,5.0615234375,True,0.7594444444444445,145.18995381062356,157.8920323325635,170.14491916859123,155.49093995381062,54.83614902422506,False
porygon2,Normal,,,C:\Users\Newsk\Downloads\pokemon\data\images\porygon2.png,120,120,1.0,RGBA,PNG,2.640625,True,0.9122222222222223,163.68275316455697,137.1123417721519,161.16693037974684,147.79911787974683,39.991939930914135,False
stantler,Normal,,,C:\Users\Newsk\Downloads\pokemon\data\images\stantler.png,120,120,1.0,RGBA,PNG,4.6171875,True,0.8563194444444444,185.64717254712423,158.79652005799903,123.37602706621556,162.78692895118414,50.441789398626675,False
smeargle,Normal,,,C:\Users\Newsk\Downloads\pokemon\data\images\smeargle.png,120,120,1.0,RGBA,PNG,4.4326171875,True,0.8459027777777778,191.94502027940513,181.69130238846327,156.9576385759351,181.93752636322668,59.3072083549368,False
tyrogue,Fighting,,,C:\Users\Newsk\Downloads\pokemon\data\images\tyrogue.png,120,120,1.0,RGBA,PNG,3.197265625,True,0.9098611111111111,184.42989214175654,161.29121725731895,162.2935285053929,168.32394453004622,55.02891412646965,False
hitmontop,Fighting,,,C:\Users\Newsk\Downloads\pokemon\data\images\hitmontop.png,120,120,1.0,RGBA,PNG,3.849609375,True,0.8728472222222222,164.49208083014747,148.22829055161114,136.71436373566357,151.77857618787547,44.36670636101444,False
smoochum,Ice,Psychic,,C:\Users\Newsk\Downloads\pokemon\data\images\smoochum.png,120,120,1.0,RGBA,PNG,3.2373046875,True,0.8911805555555555,200.91065730695595,169.86790044671346,138.8761965539247,175.61663050414802,53.47227273757085,True
elekid,Electric,,,C:\Users\Newsk\Downloads\pokemon\data\images\elekid.png,120,120,1.0,RGBA,PNG,3.01171875,True,0.8969444444444444,183.06536388140162,170.7843665768194,98.2398921832884,166.18631469002696,69.45672547409347,False
magby,Fire,,,C:\Users\Newsk\Downloads\pokemon\data\images\magby.png,120,120,1.0,RGBA,PNG,3.076171875,True,0.8981250000000001,207.69870483980912,128.41922290388547,115.54464894342195,150.6560865712338,44.75907862584108,False
miltank,Normal,,,C:\Users\Newsk\Downloads\pokemon\data\images\miltank.png,120,120,1.0,RGBA,PNG,4.5263671875,True,0.8125694444444445,189.7139681363468,166.4353464246017,157.9933308632827,172.4332645424231,72.02756037542223,False
blissey,Normal,,,C:\Users\Newsk\Downloads\pokemon\data\images\blissey.png,120,120,1.0,RGBA,PNG,4.44921875,True,0.7620833333333333,224.05049620548746,205.81056625802685,216.32574430823118,212.46303561004083,41.410994245304046,False
raikou,Electric,,,C:\Users\Newsk\Downloads\pokemon\data\images\raikou.png,120,120,1.0,RGBA,PNG,5.4658203125,True,0.7984027777777778,202.85842232173613,187.99552187392354,136.55149844987943,186.57491043747845,52.79681333479221,False
entei,Fire,,,C:\Users\Newsk\Downloads\pokemon\data\images\entei.png,120,120,1.0,RGBA,PNG,6.4453125,True,0.7523611111111111,151.9214806505889,121.72181716208637,94.8595064498037,127.68921312394839,58.020693593426316,False
suicune,Water,,,C:\Users\Newsk\Downloads\pokemon\data\images\suicune.png,120,120,1.0,RGBA,PNG,5.7451171875,True,0.8205555555555556,142.343653250774,161.55495356037153,174.29798761609908,157.26348065015483,48.84162602533992,False
larvitar,Rock,Ground,,C:\Users\Newsk\Downloads\pokemon\data\images\larvitar.png,120,120,1.0,RGBA,PNG,2.5185546875,True,0.9139583333333333,166.41888619854723,166.4907183212268,121.44148506860371,161.33362792574655,52.539327064190005,True
pupitar,Rock,Ground,,C:\Users\Newsk\Downloads\pokemon\data\images\pupitar.png,120,120,1.0,RGBA,PNG,3.5791015625,True,0.8646527777777777,166.06721395587482,174.50384812724474,205.63468445356594,175.53020985120577,55.0717071665726,True
tyranitar,Rock,Dark,,C:\Users\Newsk\Downloads\pokemon\data\images\tyranitar.png,120,120,1.0,RGBA,PNG,6.7919921875,True,0.7179861111111111,165.1115488795863,179.74168923910366,135.9849790691948,170.37901231223836,46.4108353214369,True
lugia,Psychic,Flying,,C:\Users\Newsk\Downloads\pokemon\data\images\lugia.png,120,120,1.0,RGBA,PNG,6.9072265625,True,0.7478472222222222,195.98209859542825,198.88295235472322,212.75378683558247,199.59687221151196,56.9815477163104,True
ho-oh,Fire,Flying,,C:\Users\Newsk\Downloads\pokemon\data\images\ho-oh.png,120,120,1.0,RGBA,PNG,8.97265625,True,0.712013888888889,191.34096937545215,120.14299493609839,76.78466361224982,136.4883395225464,56.909869535366376,True
celebi,Psychic,Grass,,C:\Users\Newsk\Downloads\pokemon\data\images\celebi.png,120,120,1.0,RGBA,PNG,2.89453125,True,0.9201388888888888,187.85304347826087,200.4808695652174,169.58347826086955,193.18284695652176,57.34605527390221,True
treecko,Grass,,,C:\Users\Newsk\Downloads\pokemon\data\images\treecko.png,120,120,1.0,RGBA,PNG,2.958984375,True,0.9163888888888889,177.07059800664453,183.07142857142858,120.52242524916943,174.1465938538206,48.876182178346255,False
grovyle,Grass,,,C:\Users\Newsk\Downloads\pokemon\data\images\grovyle.png,120,120,1.0,RGBA,PNG,4.9404296875,True,0.8729166666666667,134.97377049180326,149.98196721311476,118.9535519125683,141.95727704918033,48.04302827579137,False
sceptile,Grass,,,C:\Users\Newsk\Downloads\pokemon\data\images\sceptile.png,120,120,1.0,RGBA,PNG,6.3779296875,True,0.7948611111111111,129.50677048070412,168.70751523358157,126.98408937034529,152.23002200406228,46.45303878969319,False
torchic,Fire,,,C:\Users\Newsk\Downloads\pokemon\data\images\torchic.png,120,120,1.0,RGBA,PNG,2.26953125,True,0.9302083333333333,218.8766169154229,171.1860696517413,85.61492537313433,175.69043283582087,37.49243594496468,False
combusken,Fire,Fighting,,C:\Users\Newsk\Downloads\pokemon\data\images\combusken.png,120,120,1.0,RGBA,PNG,4.2958984375,True,0.863125,202.1273465246068,169.23795027904617,121.11516996448503,173.5858828006088,52.1623258885419,True
blaziken,Fire,Fighting,,C:\Users\Newsk\Downloads\pokemon\data\images\blaziken.png,120,120,1.0,RGBA,PNG,5.8037109375,True,0.8011111111111111,207.46857541899442,154.24930167597765,117.22590782122904,165.94119762569832,54.67433223706061,True
mudkip,Water,,,C:\Users\Newsk\Downloads\pokemon\data\images\mudkip.png,120,120,1.0,RGBA,PNG,2.666015625,True,0.905625,162.8830022075055,187.88373804267843,193.19426048565123,181.01391758646062,38.653110724138564,False
marshtomp,Water,Ground,,C:\Users\Newsk\Downloads\pokemon\data\images\marshtomp.png,120,120,1.0,RGBA,PNG,3.7421875,True,0.8578472222222222,164.36638983878848,182.99218368343918,173.74694675134342,176.3691143136297,46.87522644373118,True
swampert,Water,Ground,,C:\Users\Newsk\Downloads\pokemon\data\images\swampert.png,120,120,1.0,RGBA,PNG,6.533203125,True,0.7363194444444445,134.51567026599946,166.89412694232288,178.13194627337373,158.49407979984198,49.22745827810668,True
poochyena,Dark,,,C:\Users\Newsk\Downloads\pokemon\data\images\poochyena.png,120,120,1.0,RGBA,PNG,2.7099609375,True,0.9008333333333334,134.78571428571428,133.37745098039215,132.88095238095238,133.74192086834734,61.880534743680954,False
mightyena,Dark,,,C:\Users\Newsk\Downloads\pokemon\data\images\mightyena.png,120,120,1.0,RGBA,PNG,4.2734375,True,0.8177083333333334,108.79809523809524,108.14933333333333,108.24685714285714,108.35443085714286,68.23438105802452,False
zigzagoon,Normal,,,C:\Users\Newsk\Downloads\pokemon\data\images\zigzagoon.png,120,120,1.0,RGBA,PNG,3.1962890625,True,0.8935416666666667,156.86236138290934,147.66601435094586,134.0802348336595,148.8669432485323,52.325083522083325,False
linoone,Normal,,,C:\Users\Newsk\Downloads\pokemon\data\images\linoone.png,120,120,1.0,RGBA,PNG,3.392578125,True,0.8602083333333334,183.34624937903627,168.83656234475907,163.75906607054148,172.59612419274714,49.81369135750912,False
wurmple,Bug,,,C:\Users\Newsk\Downloads\pokemon\data\images\wurmple.png,120,120,1.0,RGBA,PNG,2.4638671875,True,0.9284027777777778,204.42580019398642,159.09602327837052,154.93404461687683,172.1751610087294,55.08688430744223,False
silcoon,Bug,,,C:\Users\Newsk\Downloads\pokemon\data\images\silcoon.png,120,120,1.0,RGBA,PNG,2.0615234375,True,0.904375,213.89832970225126,210.56572258533043,223.37981118373276,213.02297821350763,38.7321982403486,False
beautifly,Bug,Flying,,C:\Users\Newsk\Downloads\pokemon\data\images\beautifly.png,120,120,1.0,RGBA,PNG,4.27734375,True,0.8763194444444444,149.72206625491296,138.64851207186973,117.03368893879843,139.49541493542952,64.45692492039434,True
cascoon,Bug,,,C:\Users\Newsk\Downloads\pokemon\data\images\cascoon.png,120,120,1.0,RGBA,PNG,2.0546875,True,0.9027083333333333,219.41470378301213,203.06923625981443,214.70735189150608,209.2832762312634,43.01660513699155,False
dustox,Bug,Poison,,C:\Users\Newsk\Downloads\pokemon\data\images\dustox.png,120,120,1.0,RGBA,PNG,4.9716796875,True,0.8195138888888889,152.99230473258945,152.52520200076953,104.08849557522124,147.14308118507117,42.650042837312306,True
lotad,Water,Grass,,C:\Users\Newsk\Downloads\pokemon\data\images\lotad.png,120,120,1.0,RGBA,PNG,1.7509765625,True,0.9202083333333333,123.47606614447345,161.88946910356833,121.06614447345518,145.75000261096608,42.75445232937966,True
lombre,Water,Grass,,C:\Users\Newsk\Downloads\pokemon\data\images\lombre.png,120,120,1.0,RGBA,PNG,3.384765625,True,0.8660416666666666,136.57128045619493,169.20580611715914,112.17781233799896,152.94689165370656,43.62164664999954,True
ludicolo,Water,Grass,,C:\Users\Newsk\Downloads\pokemon\data\images\ludicolo.png,120,120,1.0,RGBA,PNG,5.7470703125,True,0.7748611111111111,171.5820481184454,181.30999383096855,131.335286859963,172.70422146822952,47.71769402592776,True
seedot,Grass,,,C:\Users\Newsk\Downloads\pokemon\data\images\seedot.png,120,120,1.0,RGBA,PNG,2.0849609375,True,0.9313194444444445,159.8169868554095,151.3437815975733,138.0546006066734,152.36230333670372,52.27492537120657,False
nuzleaf,Grass,Dark,,C:\Users\Newsk\Downloads\pokemon\data\images\nuzleaf.png,120,120,1.0,RGBA,PNG,3.7802734375,True,0.8788888888888888,159.34231651376146,142.2098623853211,130.5441513761468,146.00257511467888,47.0145362684435,True
shiftry,Grass,Dark,,C:\Users\Newsk\Downloads\pokemon\data\images\shiftry.png,120,120,1.0,RGBA,PNG,6.810546875,True,0.7202777777777778,148.1896722939424,153.7748262164846,130.1137040714995,149.4074972691162,58.156957695925115,True
taillow,Normal,Flying,,C:\Users\Newsk\Downloads\pokemon\data\images\taillow.png,120,120,1.0,RGBA,PNG,2.3896484375,True,0.9220833333333334,138.35294117647058,113.24242424242425,124.82352941176471,122.0707147950089,75.52644944151218,True
swellow,Normal,Flying,,C:\Users\Newsk\Downloads\pokemon\data\images\swellow.png,120,120,1.0,RGBA,PNG,3.009765625,True,0.8981944444444444,107.89904502046384,93.92837653478854,118.15416098226467,100.86734583901773,60.37907701510698,True
wingull,Water,Flying,,C:\Users\Newsk\Downloads\pokemon\data\images\wingull.png,120,120,1.0,RGBA,PNG,1.5380859375,True,0.9467361111111111,186.08213820078228,189.9361147327249,194.8696219035202,189.34619556714472,50.87573494899711,True
pelipper,Water,Flying,,C:\Users\Newsk\Downloads\pokemon\data\images\pelipper.png,120,120,1.0,RGBA,PNG,3.2236328125,True,0.8369444444444445,210.61626916524702,206.3590289608177,162.74403747870528,202.65983475298125,42.51326988534372,True
ralts,Psychic,Fairy,,C:\Users\Newsk\Downloads\pokemon\data\images\ralts.png,120,120,1.0,RGBA,PNG,1.931640625,True,0.9369444444444445,184.75770925110132,196.30506607929516,178.18171806167402,190.78634471365638,48.493896287698,True
kirlia,Psychic,Fairy,,C:\Users\Newsk\Downloads\pokemon\data\images\kirlia.png,120,120,1.0,RGBA,PNG,3.3134765625,True,0.9123611111111111,162.36291600633913,180.3740095087163,156.77337559429478,172.2982202852615,47.87020650504638,True
gardevoir,Psychic,Fairy,,C:\Users\Newsk\Downloads\pokemon\data\images\gardevoir.png,120,120,1.0,RGBA,PNG,4.0166015625,True,0.8322916666666667,202.14409937888198,214.36935817805383,200.45300207039338,209.12754120082812,50.415665920543624,True
surskit,Bug,Water,,C:\Users\Newsk\Downloads\pokemon\data\images\surskit.png,120,120,1.0,RGBA,PNG,2.2900390625,True,0.9526388888888889,139.04692082111438,170.40762463343108,179.66862170087975,162.08652785923755,39.91396334694841,True
masquerain,Bug,Flying,,C:\Users\Newsk\Downloads\pokemon\data\images\masquerain.png,120,120,1.0,RGBA,PNG,3.91015625,True,0.8836805555555556,212.03522388059702,186.45253731343283,176.78985074626866,193.0002143283582,42.983487008531206,True
shroomish,Grass,,,C:\Users\Newsk\Downloads\pokemon\data\images\shroomish.png,120,120,1.0,RGBA,PNG,2.11328125,True,0.9330555555555555,195.8713692946058,191.10892116182572,173.63278008298755,190.54061307053942,53.36560814454971,False
breloom,Grass,Fighting,,C:\Users\Newsk\Downloads\pokemon\data\images\breloom.png,120,120,1.0,RGBA,PNG,4.201171875,True,0.8627777777777778,160.539979757085,160.58552631578948,133.77176113360323,157.5151386639676,52.545410759808576,True
slakoth,Normal,,,C:\Users\Newsk\Downloads\pokemon\data\images\slakoth.png,120,120,1.0,RGBA,PNG,2.306640625,True,0.9175,199.37205387205387,187.37962962962962,176.80218855218854,189.75953619528616,46.13844733432293,False
vigoroth,Normal,,,C:\Users\Newsk\Downloads\pokemon\data\images\vigoroth.png,120,120,1.0,RGBA,PNG,3.5400390625,True,0.8342361111111112,201.64683703393382,195.93422706325933,195.69836614997905,197.61540930037705,59.35894380198689,False
slaking,Normal,,,C:\Users\Newsk\Downloads\pokemon\data\images\slaking.png,120,120,1.0,RGBA,PNG,6.263671875,True,0.6804166666666667,182.20425901781834,166.91286397218602,157.00282485875707,170.35524663189918,54.76486016441291,False
nincada,Bug,Ground,,C:\Users\Newsk\Downloads\pokemon\data\images\nincada.png,120,120,1.0,RGBA,PNG,2.484375,True,0.930763888888889,171.29588766298897,171.68706118355064,171.72918756268805,171.57490270812437,50.67792686329074,True
ninjask,Bug,Flying,,C:\Users\Newsk\Downloads\pokemon\data\images\ninjask.png,120,120,1.0,RGBA,PNG,3.7548828125,True,0.8872916666666667,168.19531731361675,159.30067775723967,148.41651263093038,160.71938016019715,74.00399219445842,True
shedinja,Bug,Ghost,,C:\Users\Newsk\Downloads\pokemon\data\images\shedinja.png,120,120,1.0,RGBA,PNG,3.10546875,True,0.8958333333333334,187.40733333333333,168.7,133.56533333333334,170.28814066666666,43.66187340399187,True
whismur,Normal,,,C:\Users\Newsk\Downloads\pokemon\data\images\whismur.png,120,120,1.0,RGBA,PNG,2.4736328125,True,0.8974305555555555,218.54570074475288,196.64522681110358,176.22004062288423,200.8649972918077,42.43336291259225,False
loudred,Normal,,,C:\Users\Newsk\Downloads\pokemon\data\images\loudred.png,120,120,1.0,RGBA,PNG,5.767578125,True,0.7814583333333334,155.3393708293613,146.81982840800762,161.19510645058787,151.0059532888465,53.71894787324339,False
exploud,Normal,,,C:\Users\Newsk\Downloads\pokemon\data\images\exploud.png,120,120,1.0,RGBA,PNG,6.1298828125,True,0.729375,155.7626379266102,153.16730818578392,172.90582499358482,156.19350269438027,46.04815795246924,False
makuhita,Fighting,,,C:\Users\Newsk\Downloads\pokemon\data\images\makuhita.png,120,120,1.0,RGBA,PNG,3.677734375,True,0.8425694444444445,189.49845610939568,174.54830172033525,132.53550948389943,174.22893956771063,52.47278336566214,False
hariyama,Fighting,,,C:\Users\Newsk\Downloads\pokemon\data\images\hariyama.png,120,120,1.0,RGBA,PNG,6.458984375,True,0.6311111111111112,184.17432228915663,151.1362951807229,120.25734186746988,157.49446460843373,61.369976976936584,False
azurill,Normal,Fairy,,C:\Users\Newsk\Downloads\pokemon\data\images\azurill.png,120,120,1.0,RGBA,PNG,2.1708984375,True,0.9278472222222223,63.4446583253128,139.57940327237728,182.68912415784408,121.7296227141482,35.591158601360576,True
nosepass,Rock,,,C:\Users\Newsk\Downloads\pokemon\data\images\nosepass.png,120,120,1.0,RGBA,PNG,3.2587890625,True,0.8560416666666667,111.30680173661361,107.4307766521949,139.12928123492523,112.20333767486733,44.31616562020225,False
skitty,Normal,,,C:\Users\Newsk\Downloads\pokemon\data\images\skitty.png,120,120,1.0,RGBA,PNG,2.7978515625,True,0.9178472222222223,211.9010989010989,174.71259509721048,165.12933220625527,184.7394657650042,48.87609146862782,False
delcatty,Normal,,,C:\Users\Newsk\Downloads\pokemon\data\images\delcatty.png,120,120,1.0,RGBA,PNG,4.11328125,True,0.855625,181.5805675805676,150.8792688792689,149.52717652717652,159.90481866281868,49.93550895593371,False
sableye,Dark,Ghost,,C:\Users\Newsk\Downloads\pokemon\data\images\sableye.png,120,120,1.0,RGBA,PNG,3.1708984375,True,0.9083333333333333,131.5878787878788,113.99924242424242,160.8280303030303,124.59672651515152,43.811917661839246,True
mawile,Steel,Fairy,,C:\Users\Newsk\Downloads\pokemon\data\images\mawile.png,120,120,1.0,RGBA,PNG,3.9609375,True,0.8645833333333334,123.52102564102564,120.86717948717948,103.97487179487179,119.7349564102564,66.41173931934908,True
aron,Steel,Rock,,C:\Users\Newsk\Downloads\pokemon\data\images\aron.png,120,120,1.0,RGBA,PNG,2.2802734375,True,0.9250694444444445,162.78776645041705,166.99814643188137,170.36886005560703,166.12350417052826,83.36936004456743,True
lairon,Steel,Rock,,C:\Users\Newsk\Downloads\pokemon\data\images\lairon.png,120,120,1.0,RGBA,PNG,3.3515625,True,0.8484027777777778,161.92991296381126,161.43243243243242,161.89143380668804,161.6335052679798,75.7660721606457,True
aggron,Steel,Rock,,C:\Users\Newsk\Downloads\pokemon\data\images\aggron.png,120,120,1.0,RGBA,PNG,5.5966796875,True,0.7203472222222222,135.0918798112739,134.53488949590266,135.31561956791657,134.79043282840826,64.48844564321325,True
meditite,Fighting,Psychic,,C:\Users\Newsk\Downloads\pokemon\data\images\meditite.png,120,120,1.0,RGBA,PNG,3.0068359375,True,0.9114583333333334,170.18745098039216,180.60078431372548,187.7694117647059,178.30442117647056,57.99310042160579,True
medicham,Fighting,Psychic,,C:\Users\Newsk\Downloads\pokemon\data\images\medicham.png,120,120,1.0,RGBA,PNG,3.98828125,True,0.8656944444444444,213.40692864529473,143.45346432264736,154.5268872802482,165.6319203722854,42.57421438041437,True
electrike,Electric,,,C:\Users\Newsk\Downloads\pokemon\data\images\electrike.png,120,120,1.0,RGBA,PNG,2.609375,True,0.9044444444444444,162.17296511627907,189.23110465116278,141.86700581395348,175.7412136627907,38.81655064129681,False
manectric,Electric,,,C:\Users\Newsk\Downloads\pokemon\data\images\manectric.png,120,120,1.0,RGBA,PNG,4.7265625,True,0.8309027777777778,180.21683778234086,192.0501026694045,171.92566735112936,186.21777084188912,49.22508957813498,False
plusle,Electric,,,C:\Users\Newsk\Downloads\pokemon\data\images\plusle.png,120,120,1.0,RGBA,PNG,2.5830078125,True,0.9174305555555555,204.77291841883937,148.02523128679562,130.02186711522288,162.9404062237174,58.380649937451494,False
minun,Electric,,,C:\Users\Newsk\Downloads\pokemon\data\images\minun.png,120,120,1.0,RGBA,PNG,2.6201171875,True,0.9158333333333333,162.68234323432344,191.4884488448845,183.6460396039604,181.98138861386138,46.719780293892015,False
volbeat,Bug,,,C:\Users\Newsk\Downloads\pokemon\data\images\volbeat.png,120,120,1.0,RGBA,PNG,3.923828125,True,0.8820138888888889,173.28193054738082,138.8216597998823,127.94997057092408,147.88590818128313,57.8126988157448,False
illumise,Bug,,,C:\Users\Newsk\Downloads\pokemon\data\images\illumise.png,120,120,1.0,RGBA,PNG,3.728515625,True,0.8770138888888889,138.82721626199887,140.96950875211743,149.94918125352908,141.3526459627329,61.43227107225381,False
roselia,Grass,Poison,,C:\Users\Newsk\Downloads\pokemon\data\images\roselia.png,120,120,1.0,RGBA,PNG,3.5859375,True,0.8975694444444444,142.08813559322033,151.0949152542373,134.7769491525424,146.54164,45.696770600415626,True
gulpin,Poison,,,C:\Users\Newsk\Downloads\pokemon\data\images\gulpin.png,120,120,1.0,RGBA,PNG,2.2119140625,True,0.912986111111111,147.7414205905826,181.6488427773344,131.02314445331206,165.73919393455705,43.47263892596641,False
swalot,Poison,,,C:\Users\Newsk\Downloads\pokemon\data\images\swalot.png,120,120,1.0,RGBA,PNG,4.109375,True,0.76875,159.4954954954955,142.55555555555554,184.8171171171171,152.4384156156156,39.9286097949828,False
carvanha,Water,Dark,,C:\Users\Newsk\Downloads\pokemon\data\images\carvanha.png,120,120,1.0,RGBA,PNG,2.8095703125,True,0.9259722222222222,158.03189493433396,137.6688555347092,124.12945590994372,142.21391275797376,46.06853779966274,True
sharpedo,Water,Dark,,C:\Users\Newsk\Downloads\pokemon\data\images\sharpedo.png,120,120,1.0,RGBA,PNG,3.701171875,True,0.8638888888888889,88.40918367346939,137.90663265306122,167.87551020408162,126.52334744897958,63.311191160339206,True
wailmer,Water,,,C:\Users\Newsk\Downloads\pokemon\data\images\wailmer.png,120,120,1.0,RGBA,PNG,3.6533203125,True,0.787986111111111,185.8693088765149,200.08843760235834,196.0304618408123,195.37430887651487,55.1375370343958,False
wailord,Water,,,C:\Users\Newsk\Downloads\pokemon\data\images\wailord.png,120,120,1.0,RGBA,PNG,6.07421875,True,0.45611111111111113,121.53664453524004,190.41956077630235,222.85686925434118,173.52142198672112,48.65206873946381,False
numel,Fire,Ground,,C:\Users\Newsk\Downloads\pokemon\data\images\numel.png,120,120,1.0,RGBA,PNG,2.9677734375,True,0.8797916666666666,220.15829000577702,207.45522819179664,155.22761409589833,205.29949566724437,40.28545186128187,True
camerupt,Fire,Ground,,C:\Users\Newsk\Downloads\pokemon\data\images\camerupt.png,120,120,1.0,RGBA,PNG,5.6953125,True,0.7445138888888889,196.32046751834739,145.04593639575972,129.61022016852405,158.61734955150857,49.557376088400666,True
torkoal,Fire,,,C:\Users\Newsk\Downloads\pokemon\data\images\torkoal.png,120,120,1.0,RGBA,PNG,4.572265625,True,0.8002777777777778,194.54172461752435,161.11856745479832,138.5135605006954,168.53512065368568,43.96244256693456,False
spoink,Psychic,,,C:\Users\Newsk\Downloads\pokemon\data\images\spoink.png,120,120,1.0,RGBA,PNG,2.134765625,True,0.9306944444444445,166.59018036072143,158.94088176352705,160.32264529058116,161.38554308617236,44.95371961221445,False
grumpig,Psychic,,,C:\Users\Newsk\Downloads\pokemon\data\images\grumpig.png,120,120,1.0,RGBA,PNG,4.2080078125,True,0.8115972222222222,135.48433468485072,127.53151492812385,135.8072244747512,130.8528389237007,55.284553256851595,False
spinda,Normal,,,C:\Users\Newsk\Downloads\pokemon\data\images\spinda.png,120,120,1.0,RGBA,PNG,3.720703125,True,0.8683333333333334,201.9899789029536,165.7188818565401,157.86023206751054,175.66805379746833,71.14749703644468,False
trapinch,Ground,,,C:\Users\Newsk\Downloads\pokemon\data\images\trapinch.png,120,120,1.0,RGBA,PNG,2.4482421875,True,0.8936805555555556,221.11626387981713,150.25538863487915,116.101894186806,167.54929196603527,33.90584179250031,False
vibrava,Ground,Dragon,,C:\Users\Newsk\Downloads\pokemon\data\images\vibrava.png,120,120,1.0,RGBA,PNG,3.2861328125,True,0.918125,118.93723494486854,141.78795589482613,108.83375742154368,131.19881170483458,65.5956610235621,True
flygon,Ground,Dragon,,C:\Users\Newsk\Downloads\pokemon\data\images\flygon.png,120,120,1.0,RGBA,PNG,5.7587890625,True,0.8068055555555556,162.89288281811648,166.20848310567936,130.5625449317038,161.15348166786484,50.40047915061913,True
cacnea,Grass,,,C:\Users\Newsk\Downloads\pokemon\data\images\cacnea.png,120,120,1.0,RGBA,PNG,3.6201171875,True,0.886875,130.24554941682013,158.88643339472068,112.8962553713935,145.0799287906691,56.62898743625114,False
cacturne,Grass,Dark,,C:\Users\Newsk\Downloads\pokemon\data\images\cacturne.png,120,120,1.0,RGBA,PNG,5.0009765625,True,0.8061805555555556,158.26728771049804,184.80401289860265,143.04836975994266,172.10938874955212,49.69742536616473,True
swablu,Normal,Flying,,C:\Users\Newsk\Downloads\pokemon\data\images\swablu.png,120,120,1.0,RGBA,PNG,2.8115234375,True,0.8870138888888889,191.69268592501535,211.10079901659495,221.4462200368777,206.47715119852487,49.84314528832249,True
altaria,Dragon,Flying,,C:\Users\Newsk\Downloads\pokemon\data\images\altaria.png,120,120,1.0,RGBA,PNG,4.90625,True,0.6899305555555555,214.5269876819709,226.70212765957447,234.55341545352744,223.95680761478164,41.314272475236216,True
zangoose,Normal,,,C:\Users\Newsk\Downloads\pokemon\data\images\zangoose.png,120,120,1.0,RGBA,PNG,3.841796875,True,0.8482638888888889,206.84713958810067,184.2288329519451,188.45720823798626,191.4737414187643,57.441924371041644,False
seviper,Poison,,,C:\Users\Newsk\Downloads\pokemon\data\images\seviper.png,120,120,1.0,RGBA,PNG,4.5029296875,True,0.810625,105.93656032269894,114.12211221122112,113.18371837183719,111.56765529886322,50.91158883683277,False
lunatone,Rock,Psychic,,C:\Users\Newsk\Downloads\pokemon\data\images\lunatone.png,120,120,1.0,RGBA,PNG,3.0517578125,True,0.88125,189.35847953216376,177.71461988304094,142.69181286549707,177.20353391812864,63.232742642838126,True
solrock,Rock,Psychic,,C:\Users\Newsk\Downloads\pokemon\data\images\solrock.png,120,120,1.0,RGBA,PNG,4.2666015625,True,0.8678472222222222,202.90856542301628,160.10299527062534,98.2842879663689,165.854528113505,53.497734600409494,True
barboach,Water,Ground,,C:\Users\Newsk\Downloads\pokemon\data\images\barboach.png,120,120,1.0,RGBA,PNG,2.8671875,True,0.9234722222222222,140.0825771324864,172.986388384755,186.94464609800363,164.73939019963703,52.11850968711249,True
whiscash,Water,Ground,,C:\Users\Newsk\Downloads\pokemon\data\images\whiscash.png,120,120,1.0,RGBA,PNG,3.390625,True,0.8913888888888889,105.26662404092072,124.75639386189258,139.7269820971867,120.6355997442455,61.52893879888579,True
corphish,Water,,,C:\Users\Newsk\Downloads\pokemon\data\images\corphish.png,120,120,1.0,RGBA,PNG,3.716796875,True,0.8854861111111111,206.65009096422074,141.85263796240145,117.19102486355366,158.41565251667677,45.78517708690506,False
crawdaunt,Water,Dark,,C:\Users\Newsk\Downloads\pokemon\data\images\crawdaunt.png,120,120,1.0,RGBA,PNG,5.966796875,True,0.7928472222222223,157.44418370767684,108.34461951055984,100.86322494133422,122.1725102246061,59.148167059364965,True
baltoy,Ground,Psychic,,C:\Users\Newsk\Downloads\pokemon\data\images\baltoy.png,120,120,1.0,RGBA,PNG,2.5029296875,True,0.9311805555555556,196.9212916246216,175.8728557013118,139.33905146316852,178.0014843592331,47.54410721552992,True
claydol,Ground,Psychic,,C:\Users\Newsk\Downloads\pokemon\data\images\claydol.png,120,120,1.0,RGBA,PNG,4.7197265625,True,0.7817361111111111,130.19121858097358,111.44479796372892,107.4575246579701,116.59542857142857,74.07426087271848,True
lileep,Rock,Grass,,C:\Users\Newsk\Downloads\pokemon\data\images\lileep.png,120,120,1.0,RGBA,PNG,3.7890625,True,0.8911805555555555,170.52137843012125,147.5654116145501,155.15124441608168,155.29403063178046,56.92491090221933,True
cradily,Rock,Grass,,C:\Users\Newsk\Downloads\pokemon\data\images\cradily.png,120,120,1.0,RGBA,PNG,5.1064453125,True,0.8240972222222223,180.49111725227004,171.48756415317806,148.0742202921437,171.51050532964865,47.864419849506966,True
anorith,Rock,Bug,,C:\Users\Newsk\Downloads\pokemon\data\images\anorith.png,120,120,1.0,RGBA,PNG,2.177734375,True,0.9488194444444444,136.40705563093624,138.89959294436906,131.45454545454547,137.30558887381275,58.95668086747822,True
armaldo,Rock,Bug,,C:\Users\Newsk\Downloads\pokemon\data\images\armaldo.png,120,120,1.0,RGBA,PNG,6.6875,True,0.7634722222222222,142.04961832061068,142.3854961832061,149.47152084556666,143.09287551379919,53.151555335473695,True
feebas,Water,,,C:\Users\Newsk\Downloads\pokemon\data\images\feebas.png,120,120,1.0,RGBA,PNG,2.00390625,True,0.9445833333333333,182.11278195488723,168.31328320802004,146.87218045112783,169.99504761904763,53.482202132931164,False
milotic,Water,,,C:\Users\Newsk\Downloads\pokemon\data\images\milotic.png,120,120,1.0,RGBA,PNG,5.3515625,True,0.8043750000000001,204.96592119275826,188.49130280440184,174.43663471778487,191.81498154064604,53.73159527856621,False
castform,Normal,,,C:\Users\Newsk\Downloads\pokemon\data\images\castform.png,120,120,1.0,RGBA,PNG,1.99609375,True,0.9326388888888889,197.1577319587629,195.33298969072166,197.77113402061855,196.15653608247422,50.13577694317822,False
kecleon,Normal,,,C:\Users\Newsk\Downloads\pokemon\data\images\kecleon.png,120,120,1.0,RGBA,PNG,3.8115234375,True,0.8757638888888889,174.13415315818892,180.26383454443823,121.96757965343768,171.7852867523756,42.93827112704334,False
shuppet,Ghost,,,C:\Users\Newsk\Downloads\pokemon\data\images\shuppet.png,120,120,1.0,RGBA,PNG,2.0869140625,True,0.9341666666666667,122.42721518987342,130.05590717299577,164.7805907172996,131.73354219409282,41.55539198047798,False
banette,Ghost,,,C:\Users\Newsk\Downloads\pokemon\data\images\banette.png,120,120,1.0,RGBA,PNG,3.0888671875,True,0.8738194444444445,136.94551458447992,136.24490919097414,133.39845899834893,136.1298948816731,36.97590580147839,False
duskull,Ghost,,,C:\Users\Newsk\Downloads\pokemon\data\images\duskull.png,120,120,1.0,RGBA,PNG,2.607421875,True,0.9022916666666667,149.03269367448473,149.1279317697228,144.56289978678038,148.57904193319118,68.02468954753674,False
dusclops,Ghost,,,C:\Users\Newsk\Downloads\pokemon\data\images\dusclops.png,120,120,1.0,RGBA,PNG,4.654296875,True,0.7802777777777777,159.51201011378004,155.4838811630847,153.2433628318584,156.4328726295828,40.34031696591062,False
tropius,Grass,Flying,,C:\Users\Newsk\Downloads\pokemon\data\images\tropius.png,120,120,1.0,RGBA,PNG,4.8740234375,True,0.8208333333333333,125.17906976744186,159.77868217054262,115.57868217054263,144.39459806201552,38.188201489466266,True
chimecho,Psychic,,,C:\Users\Newsk\Downloads\pokemon\data\images\chimecho.png,120,120,1.0,RGBA,PNG,1.9765625,True,0.9429861111111111,187.36540803897685,180.04506699147382,183.0560292326431,182.57709866017052,44.43032194641275,False
absol,Dark,,,C:\Users\Newsk\Downloads\pokemon\data\images\absol.png,120,120,1.0,RGBA,PNG,4.3291015625,True,0.8347222222222223,189.68655462184873,192.22521008403362,204.22100840336134,192.8336731092437,59.56095953632799,False
wynaut,Psychic,,,C:\Users\Newsk\Downloads\pokemon\data\images\wynaut.png,120,120,1.0,RGBA,PNG,2.7939453125,True,0.9209027777777777,120.41352063213346,176.25724319578578,181.8235294117647,160.19452677787532,51.88578387591202,False
snorunt,Ice,,,C:\Users\Newsk\Downloads\pokemon\data\images\snorunt.png,120,120,1.0,RGBA,PNG,2.2060546875,True,0.9209722222222222,168.34622144112478,152.26010544815466,114.79261862917399,152.79856063268892,75.11086097469898,False
glalie,Ice,,,C:\Users\Newsk\Downloads\pokemon\data\images\glalie.png,120,120,1.0,RGBA,PNG,5.0400390625,True,0.7898611111111111,142.86153337739592,149.9881031064111,162.06543291473892,149.2340743555849,76.7134626425342,False
spheal,Ice,Water,,C:\Users\Newsk\Downloads\pokemon\data\images\spheal.png,120,120,1.0,RGBA,PNG,2.2099609375,True,0.9125694444444444,189.25178713264495,196.15329626687847,196.06195393169182,194.07933200953136,51.51467699480072,True
sealeo,Ice,Water,,C:\Users\Newsk\Downloads\pokemon\data\images\sealeo.png,120,120,1.0,RGBA,PNG,3.4013671875,True,0.8693055555555556,163.615302869288,196.35228480340064,205.42614240170033,187.59834697130714,49.07193548358812,True
walrein,Ice,Water,,C:\Users\Newsk\Downloads\pokemon\data\images\walrein.png,120,120,1.0,RGBA,PNG,4.990234375,True,0.7554166666666666,132.09568427030098,172.20357751277683,187.36342986939238,161.93954060193073,55.937165999481735,True
clamperl,Water,,,C:\Users\Newsk\Downloads\pokemon\data\images\clamperl.png,120,120,1.0,RGBA,PNG,2.990234375,True,0.8622222222222222,75.18145161290323,86.32459677419355,100.96270161290323,84.66154032258065,70.54989200674008,False
huntail,Water,,,C:\Users\Newsk\Downloads\pokemon\data\images\huntail.png,120,120,1.0,RGBA,PNG,3.166015625,True,0.9011805555555555,172.38439915671117,172.73717498243147,165.23612087139844,171.7765748418833,46.18704516661153,False
gorebyss,Water,,,C:\Users\Newsk\Downloads\pokemon\data\images\gorebyss.png,120,120,1.0,RGBA,PNG,2.990234375,True,0.9129166666666667,218.42105263157896,180.26555023923444,197.80701754385964,193.6737727272727,40.13391068733761,False
relicanth,Water,Rock,,C:\Users\Newsk\Downloads\pokemon\data\images\relicanth.png,120,120,1.0,RGBA,PNG,4.115234375,True,0.8385416666666666,136.46967741935484,123.91612903225807,111.08516129032257,126.20690967741935,48.51919423856927,True
luvdisc,Water,,,C:\Users\Newsk\Downloads\pokemon\data\images\luvdisc.png,120,120,1.0,RGBA,PNG,1.4892578125,True,0.9413194444444445,231.44615384615383,183.3846153846154,183.12189349112427,197.7250650887574,37.93059893220152,False
bagon,Dragon,,,C:\Users\Newsk\Downloads\pokemon\data\images\bagon.png,120,120,1.0,RGBA,PNG,2.74609375,True,0.9134027777777778,142.83881315156376,166.88853247794708,178.17722534081796,160.98457738572574,46.06623472573117,False
shelgon,Dragon,,,C:\Users\Newsk\Downloads\pokemon\data\images\shelgon.png,120,120,1.0,RGBA,PNG,3.06640625,True,0.8346527777777778,194.1679966400672,193.20495590088197,192.4829903401932,193.4106010079798,57.42569725819313,False
salamence,Dragon,Flying,,C:\Users\Newsk\Downloads\pokemon\data\images\salamence.png,120,120,1.0,RGBA,PNG,6.7626953125,True,0.7101388888888889,124.1998083373263,126.69286056540489,143.13895543842835,127.82229276473404,45.82423663614219,True
beldum,Steel,Psychic,,C:\Users\Newsk\Downloads\pokemon\data\images\beldum.png,120,120,1.0,RGBA,PNG,1.91015625,True,0.9386805555555555,73.83012457531144,118.24348810872027,135.80294450736127,106.9656704416761,43.9793778907194,True
metang,Steel,Psychic,,C:\Users\Newsk\Downloads\pokemon\data\images\metang.png,120,120,1.0,RGBA,PNG,5.396484375,True,0.8054166666666667,95.82119914346895,135.51891506067096,151.19735902926482,125.43664061384726,54.63450784882511,True
metagross,Steel,Psychic,,C:\Users\Newsk\Downloads\pokemon\data\images\metagross.png,120,120,1.0,RGBA,PNG,8.326171875,True,0.6884722222222222,98.80338831921533,140.7630405706643,156.41328577797591,130.00123250111457,45.70563471791597,True
regirock,Rock,,,C:\Users\Newsk\Downloads\pokemon\data\images\regirock.png,120,120,1.0,RGBA,PNG,7.337890625,True,0.6784027777777778,175.8002591232995,149.5784927661412,139.81731807385015,156.30602699201035,50.50374803966865,False
regice,Ice,,,C:\Users\Newsk\Downloads\pokemon\data\images\regice.png,120,120,1.0,RGBA,PNG,5.6669921875,True,0.7321527777777778,137.58076225045372,203.4490536686544,234.1578947368421,187.25524241638578,38.936961988362135,False
registeel,Steel,,,C:\Users\Newsk\Downloads\pokemon\data\images\registeel.png,120,120,1.0,RGBA,PNG,5.599609375,True,0.7372916666666667,171.16600581549037,169.46629659000794,168.52445149352366,169.86713930742798,60.94618539363053,False
latias,Dragon,Psychic,,C:\Users\Newsk\Downloads\pokemon\data\images\latias.png,120,120,1.0,RGBA,PNG,3.658203125,True,0.88625,179.3229548229548,138.50915750915752,148.6770451770452,151.8716221001221,51.116844503746464,True
latios,Dragon,Psychic,,C:\Users\Newsk\Downloads\pokemon\data\images\latios.png,120,120,1.0,RGBA,PNG,4.642578125,True,0.8389583333333334,102.49374730487278,139.9939629150496,171.64510564898663,132.38962871927555,50.08065719424058,True
kyogre,Water,,,C:\Users\Newsk\Downloads\pokemon\data\images\kyogre.png,120,120,1.0,RGBA,PNG,3.8701171875,True,0.8165972222222222,100.92389246497538,136.970465732677,185.01022340022718,131.66907269973495,63.708113272895936,False
groudon,Ground,,,C:\Users\Newsk\Downloads\pokemon\data\images\groudon.png,120,120,1.0,RGBA,PNG,7.994140625,True,0.6755555555555556,172.6157962328767,93.62178938356165,86.18043664383562,116.39268321917807,60.085493668124975,False
rayquaza,Dragon,Flying,,C:\Users\Newsk\Downloads\pokemon\data\images\rayquaza.png,120,120,1.0,RGBA,PNG,9.05078125,True,0.7215972222222222,106.4754302818658,143.3601895734597,112.73559491144924,128.84044275380393,49.10689176527439,True
jirachi,Steel,Psychic,,C:\Users\Newsk\Downloads\pokemon\data\images\jirachi.png,120,120,1.0,RGBA,PNG,3.4453125,True,0.8864583333333333,207.02385321100917,206.59694189602448,158.9993883792049,201.29846727828746,46.53418911642865,True
deoxys-normal,Psychic,,,C:\Users\Newsk\Downloads\pokemon\data\images\deoxys-normal.png,120,120,1.0,RGBA,PNG,5.396484375,True,0.8425,182.35978835978835,144.9779541446208,112.831569664903,152.49043474426804,34.60723163130982,False
turtwig,Grass,,,C:\Users\Newsk\Downloads\pokemon\data\images\turtwig.png,120,120,1.0,RGBA,PNG,2.7529296875,True,0.9123611111111111,162.026941362916,178.9270998415214,110.87004754358162,166.11544849445323,49.92344161500019,False
grotle,Grass,,,C:\Users\Newsk\Downloads\pokemon\data\images\grotle.png,120,120,1.0,RGBA,PNG,5.0107421875,True,0.8008333333333333,126.44944211994421,153.30613668061366,72.43340306834031,136.05649337517434,47.48666684316856,False
torterra,Grass,Ground,,C:\Users\Newsk\Downloads\pokemon\data\images\torterra.png,120,120,1.0,RGBA,PNG,7.2412109375,True,0.633888888888889,101.9283004552352,133.12177541729895,86.26745068285281,118.45353338391502,47.47298993540915,True
chimchar,Fire,,,C:\Users\Newsk\Downloads\pokemon\data\images\chimchar.png,120,120,1.0,RGBA,PNG,3.5537109375,True,0.8950694444444445,200.1740569159497,162.57379219060226,99.88881535407015,166.67018398411648,55.971204686447344,False
monferno,Fire,Fighting,,C:\Users\Newsk\Downloads\pokemon\data\images\monferno.png,120,120,1.0,RGBA,PNG,4.5751953125,True,0.8713194444444444,184.4954128440367,147.04803022126282,97.23529411764706,152.56614570966002,50.6157037945724,True
infernape,Fire,Fighting,,C:\Users\Newsk\Downloads\pokemon\data\images\infernape.png,120,120,1.0,RGBA,PNG,7.4033203125,True,0.7722916666666666,184.08142726440988,143.3943275388838,107.22079902409271,151.4359881061299,57.81229486065013,True
piplup,Water,,,C:\Users\Newsk\Downloads\pokemon\data\images\piplup.png,120,120,1.0,RGBA,PNG,3.1689453125,True,0.8895833333333334,137.87924528301886,171.8496855345912,187.62012578616353,163.4903540880503,62.50305774784116,False
prinplup,Water,,,C:\Users\Newsk\Downloads\pokemon\data\images\prinplup.png,120,120,1.0,RGBA,PNG,4.3994140625,True,0.8457638888888889,117.9792886087348,145.11526339486718,151.41737955875732,137.72004817649707,62.32242144867611,False
empoleon,Water,Steel,,C:\Users\Newsk\Downloads\pokemon\data\images\empoleon.png,120,120,1.0,RGBA,PNG,6.453125,True,0.7390277777777778,105.60910058541778,113.77221926556679,112.05667908461947,111.13587519957423,81.61949179894114,True
starly,Normal,Flying,,C:\Users\Newsk\Downloads\pokemon\data\images\starly.png,120,120,1.0,RGBA,PNG,2.0771484375,True,0.9356944444444444,146.0,131.16630669546436,121.89740820734342,134.54492656587473,66.20030218208167,True
staravia,Normal,Flying,,C:\Users\Newsk\Downloads\pokemon\data\images\staravia.png,120,120,1.0,RGBA,PNG,4.2919921875,True,0.8604166666666666,106.80597014925372,96.02985074626865,83.59353233830846,97.83417014925372,57.8385050738693,True
staraptor,Normal,Flying,,C:\Users\Newsk\Downloads\pokemon\data\images\staraptor.png,120,120,1.0,RGBA,PNG,5.6708984375,True,0.7915277777777778,110.54596935376416,99.57361758827449,87.2001998667555,101.44378114590272,60.460897919136784,True
bidoof,Normal,,,C:\Users\Newsk\Downloads\pokemon\data\images\bidoof.png,120,120,1.0,RGBA,PNG,2.908203125,True,0.8884027777777778,157.42065961418794,126.43870566272558,78.69508400746733,130.2595370255134,49.86332320974325,False
bibarel,Normal,Water,,C:\Users\Newsk\Downloads\pokemon\data\images\bibarel.png,120,120,1.0,RGBA,PNG,3.705078125,True,0.8316666666666667,164.36798679867988,134.61221122112212,87.14645214521452,138.0980915841584,51.116594495904884,True
kricketot,Bug,,,C:\Users\Newsk\Downloads\pokemon\data\images\kricketot.png,120,120,1.0,RGBA,PNG,3.1845703125,True,0.8979861111111112,157.35874744724302,122.77739959155889,96.82232811436351,130.15834445200818,64.78473780805854,False
kricketune,Bug,,,C:\Users\Newsk\Downloads\pokemon\data\images\kricketune.png,120,120,1.0,RGBA,PNG,4.8212890625,True,0.8646527777777777,159.02514109799898,104.19497178040021,85.13596716264752,118.41646587993844,49.07193825082369,False
shinx,Electric,,,C:\Users\Newsk\Downloads\pokemon\data\images\shinx.png,120,120,1.0,RGBA,PNG,3.458984375,True,0.879375,135.5014392630973,168.83534830166954,165.57512953367876,158.49684455958547,51.56913484550514,False
luxio,Electric,,,C:\Users\Newsk\Downloads\pokemon\data\images\luxio.png,120,120,1.0,RGBA,PNG,4.85546875,True,0.821875,107.4,120.46198830409357,111.01091617933723,115.47903157894737,63.093018853991396,False
luxray,Electric,,,C:\Users\Newsk\Downloads\pokemon\data\images\luxray.png,120,120,1.0,RGBA,PNG,5.7421875,True,0.7539583333333333,88.02399096810612,88.01326559412927,81.57211402766018,87.28218120237086,48.38541208531187,False
budew,Grass,Poison,,C:\Users\Newsk\Downloads\pokemon\data\images\budew.png,120,120,1.0,RGBA,PNG,2.017578125,True,0.9372222222222222,143.59734513274336,175.25884955752213,84.94469026548673,155.49624557522122,53.849027687599616,True
roserade,Grass,Poison,,C:\Users\Newsk\Downloads\pokemon\data\images\roserade.png,120,120,1.0,RGBA,PNG,3.6953125,True,0.8745138888888889,155.5644714997233,162.3021582733813,166.14886552296625,160.72611455451022,59.57838211297269,True
cranidos,Rock,,,C:\Users\Newsk\Downloads\pokemon\data\images\cranidos.png,120,120,1.0,RGBA,PNG,3.3974609375,True,0.880625,127.79290285049447,146.66259453170449,162.891215823153,142.8706195462478,34.661855850053044,False
rampardos,Rock,,,C:\Users\Newsk\Downloads\pokemon\data\images\rampardos.png,120,120,1.0,RGBA,PNG,4.6796875,True,0.7928472222222223,114.80992289641301,122.35668789808918,132.57324840764332,121.26489306067717,47.43373572642605,False
shieldon,Rock,Steel,,C:\Users\Newsk\Downloads\pokemon\data\images\shieldon.png,120,120,1.0,RGBA,PNG,2.65625,True,0.89125,151.35632183908046,143.24840357598978,126.0242656449553,143.70911941251595,55.24731593050772,True
bastiodon,Rock,Steel,,C:\Users\Newsk\Downloads\pokemon\data\images\bastiodon.png,120,120,1.0,RGBA,PNG,5.20703125,True,0.7250694444444444,144.17630714826976,140.96362717858045,135.1045718615812,141.25628618337964,49.94433168897383,True
burmy,Bug,,,C:\Users\Newsk\Downloads\pokemon\data\images\burmy.png,120,120,1.0,RGBA,PNG,2.1875,True,0.9386111111111111,84.52262443438914,117.289592760181,68.9027149321267,101.97616515837103,40.31428461447936,False
wormadam-plant,Bug,Grass,,C:\Users\Newsk\Downloads\pokemon\data\images\wormadam-plant.png,120,120,1.0,RGBA,PNG,3.5966796875,True,0.8822916666666667,80.1575221238938,121.57109144542773,76.32802359882005,104.03072448377581,50.225988587984155,True
mothim,Bug,Flying,,C:\Users\Newsk\Downloads\pokemon\data\images\mothim.png,120,120,1.0,RGBA,PNG,5.140625,True,0.7609722222222222,205.2797791981406,159.64962231260895,84.93724578733294,164.77582829750145,50.837361375312945,True
combee,Bug,Flying,,C:\Users\Newsk\Downloads\pokemon\data\images\combee.png,120,120,1.0,RGBA,PNG,2.9306640625,True,0.9055555555555556,206.7044117647059,177.39264705882354,102.76102941176471,177.64886029411764,52.12857503876025,True
vespiquen,Bug,Flying,,C:\Users\Newsk\Downloads\pokemon\data\images\vespiquen.png,120,120,1.0,RGBA,PNG,4.916015625,True,0.7873611111111112,173.96178967994774,150.34421946440236,76.14435009797518,148.94708785107773,63.41439591661161,True
pachirisu,Electric,,,C:\Users\Newsk\Downloads\pokemon\data\images\pachirisu.png,120,120,1.0,RGBA,PNG,2.611328125,True,0.908125,186.40362811791383,208.6130007558579,211.33938019652305,202.28320559334844,44.46889517259861,False
buizel,Water,,,C:\Users\Newsk\Downloads\pokemon\data\images\buizel.png,120,120,1.0,RGBA,PNG,3.4345703125,True,0.8941666666666667,205.5564304461942,149.41469816272965,88.54396325459318,159.26181233595798,46.66079773300353,False
floatzel,Water,,,C:\Users\Newsk\Downloads\pokemon\data\images\floatzel.png,120,120,1.0,RGBA,PNG,4.7509765625,True,0.8022222222222222,210.83532303370785,169.88518258426967,89.00245786516854,172.90864396067417,50.10233257077604,False
cherubi,Grass,,,C:\Users\Newsk\Downloads\pokemon\data\images\cherubi.png,120,120,1.0,RGBA,PNG,2.21484375,True,0.9300694444444444,161.20854021847072,109.40714995034757,97.02184707050645,123.48384111221449,39.49777407156407,False
cherrim,Grass,,,C:\Users\Newsk\Downloads\pokemon\data\images\cherrim.png,120,120,1.0,RGBA,PNG,2.23046875,True,0.9107638888888889,106.58210116731517,96.4988326848249,109.64280155642024,101.01214241245135,38.21417701295403,False
shellos,Water,,,C:\Users\Newsk\Downloads\pokemon\data\images\shellos.png,120,120,1.0,RGBA,PNG,2.65625,True,0.9098611111111111,204.26502311248075,161.76194144838212,163.92681047765794,174.71715793528503,39.89718633383076,False
gastrodon,Water,Ground,,C:\Users\Newsk\Downloads\pokemon\data\images\gastrodon.png,120,120,1.0,RGBA,PNG,4.1669921875,True,0.8321527777777777,183.89780719900705,135.17335539925529,118.54323541580472,147.8461328092677,43.80571676522375,True
ambipom,Normal,,,C:\Users\Newsk\Downloads\pokemon\data\images\ambipom.png,120,120,1.0,RGBA,PNG,7.505859375,True,0.7559722222222223,182.389015367103,145.49032441661925,148.4134889015367,156.85627376209447,52.91626422099933,False
drifloon,Ghost,Flying,,C:\Users\Newsk\Downloads\pokemon\data\images\drifloon.png,120,120,1.0,RGBA,PNG,2.2333984375,True,0.9395833333333333,167.43333333333334,147.05172413793105,152.17701149425287,153.730108045977,51.52228951974225,True
drifblim,Ghost,Flying,,C:\Users\Newsk\Downloads\pokemon\data\images\drifblim.png,120,120,1.0,RGBA,PNG,4.3466796875,True,0.8282638888888889,177.42296805499393,151.8592802264456,141.99191265669228,158.37794298422966,45.9954827767218,True
buneary,Normal,,,C:\Users\Newsk\Downloads\pokemon\data\images\buneary.png,120,120,1.0,RGBA,PNG,3.1181640625,True,0.8922916666666667,193.66731141199227,157.25725338491296,115.70535138620245,163.40694390715666,49.88511195048213,False
lopunny,Normal,,,C:\Users\Newsk\Downloads\pokemon\data\images\lopunny.png,120,120,1.0,RGBA,PNG,4.640625,True,0.8226388888888889,199.39937353171496,169.7819107282694,124.79444009397024,173.5089604541895,54.18722966839943,False
mismagius,Ghost,,,C:\Users\Newsk\Downloads\pokemon\data\images\mismagius.png,120,120,1.0,RGBA,PNG,4.982421875,True,0.7998611111111111,138.65024288688412,98.09646079111728,142.98160999306037,115.33894864677308,36.69512341942683,False
honchkrow,Dark,Flying,,C:\Users\Newsk\Downloads\pokemon\data\images\honchkrow.png,120,120,1.0,RGBA,PNG,4.134765625,True,0.8179861111111111,94.3998473864937,111.7546737886303,130.26096909576498,108.6752983594048,71.74834203339137,True
glameow,Normal,,,C:\Users\Newsk\Downloads\pokemon\data\images\glameow.png,120,120,1.0,RGBA,PNG,4.2353515625,True,0.8776388888888889,146.52156640181613,148.20147559591373,156.69693530079456,148.66766515323496,50.27363147999557,False
purugly,Normal,,,C:\Users\Newsk\Downloads\pokemon\data\images\purugly.png,120,120,1.0,RGBA,PNG,5.4296875,True,0.7883333333333333,162.9051837270341,160.40748031496062,171.02001312335958,162.36412237532807,57.99807000240375,False
chingling,Psychic,,,C:\Users\Newsk\Downloads\pokemon\data\images\chingling.png,120,120,1.0,RGBA,PNG,2.189453125,True,0.9397916666666667,204.83506343713955,179.41868512110727,92.38985005767013,177.0968950403691,60.9381983541134,False
stunky,Poison,Dark,,C:\Users\Newsk\Downloads\pokemon\data\images\stunky.png,120,120,1.0,RGBA,PNG,3.8701171875,True,0.8451388888888889,125.4439461883408,108.31479820627803,125.40044843049327,115.38417757847533,73.02528616284756,True
skuntank,Poison,Dark,,C:\Users\Newsk\Downloads\pokemon\data\images\skuntank.png,120,120,1.0,RGBA,PNG,5.134765625,True,0.7697916666666667,140.79607843137254,122.39336349924585,134.53514328808447,129.27993815987932,73.53495857196009,True
bronzor,Steel,Psychic,,C:\Users\Newsk\Downloads\pokemon\data\images\bronzor.png,120,120,1.0,RGBA,PNG,2.4912109375,True,0.9177083333333333,58.00759493670886,129.0270042194093,143.60506329113923,109.45409957805907,44.65619615824234,True
bronzong,Steel,Psychic,,C:\Users\Newsk\Downloads\pokemon\data\images\bronzong.png,120,120,1.0,RGBA,PNG,4.771484375,True,0.7843055555555556,106.04249839021249,157.59755312298776,157.6284610431423,142.18611526078556,43.56302750660387,True
bonsly,Rock,,,C:\Users\Newsk\Downloads\pokemon\data\images\bonsly.png,120,120,1.0,RGBA,PNG,2.5966796875,True,0.9192361111111111,126.07050730868444,138.37059329320724,94.91659501289767,129.73911177987964,41.31403667861881,False
mime-jr,Psychic,Fairy,,C:\Users\Newsk\Downloads\pokemon\data\images\mime-jr.png,120,120,1.0,RGBA,PNG,2.6806640625,True,0.9220833333333334,127.73351158645276,137.06060606060606,152.33333333333334,136.01289572192513,78.46903858271227,True
happiny,Normal,,,C:\Users\Newsk\Downloads\pokemon\data\images\happiny.png,120,120,1.0,RGBA,PNG,2.142578125,True,0.924375,206.08264462809916,175.97796143250687,179.24150596877868,185.35130578512397,48.92378581983474,False
chatot,Normal,Flying,,C:\Users\Newsk\Downloads\pokemon\data\images\chatot.png,120,120,1.0,RGBA,PNG,2.5927734375,True,0.92125,125.74955908289242,135.47530864197532,118.87742504409171,130.6751507936508,66.76496656281157,True
spiritomb,Ghost,Dark,,C:\Users\Newsk\Downloads\pokemon\data\images\spiritomb.png,120,120,1.0,RGBA,PNG,5.2421875,True,0.8032638888888889,177.82033180374162,138.52347334980587,145.15954818213908,151.02974655841865,32.040890925322245,True
gible,Dragon,Ground,,C:\Users\Newsk\Downloads\pokemon\data\images\gible.png,120,120,1.0,RGBA,PNG,3.2197265625,True,0.8808333333333334,119.66666666666667,126.94289044289044,131.25641025641025,125.25904079254079,40.527140932887676,True
gabite,Dragon,Ground,,C:\Users\Newsk\Downloads\pokemon\data\images\gabite.png,120,120,1.0,RGBA,PNG,4.533203125,True,0.8504166666666666,129.1318477251625,115.96100278551532,138.5803156917363,122.47768709377901,42.51092520929179,True
garchomp,Dragon,Ground,,C:\Users\Newsk\Downloads\pokemon\data\images\garchomp.png,120,120,1.0,RGBA,PNG,8.03125,True,0.6775694444444444,113.50613827266854,106.41309498169286,124.4716777945294,110.59259336635795,48.33000486681205,True
munchlax,Normal,,,C:\Users\Newsk\Downloads\pokemon\data\images\munchlax.png,120,120,1.0,RGBA,PNG,2.8271484375,True,0.8934027777777778,110.86775244299675,141.86644951140065,150.73094462540718,133.6083915309446,51.46190482339257,False
riolu,Fighting,,,C:\Users\Newsk\Downloads\pokemon\data\images\riolu.png,120,120,1.0,RGBA,PNG,3.0947265625,True,0.9128472222222223,105.72430278884462,123.57370517928287,134.29402390438247,119.45885019920318,51.546889677594834,False
lucario,Fighting,Steel,,C:\Users\Newsk\Downloads\pokemon\data\images\lucario.png,120,120,1.0,RGBA,PNG,4.6357421875,True,0.8411111111111111,111.05681818181819,127.06118881118881,131.2993881118881,122.7590367132867,55.15507624873614,True
hippopotas,Ground,,,C:\Users\Newsk\Downloads\pokemon\data\images\hippopotas.png,120,120,1.0,RGBA,PNG,3.06640625,True,0.8708333333333333,181.43494623655914,161.46075268817205,89.86505376344086,159.27112688172045,63.175090234043985,False
hippowdon,Ground,,,C:\Users\Newsk\Downloads\pokemon\data\images\hippowdon.png,120,120,1.0,RGBA,PNG,4.4287109375,True,0.7622222222222222,134.5721378504673,124.77365654205607,88.22867990654206,123.53727511682244,51.19377106334888,False
skorupi,Poison,Bug,,C:\Users\Newsk\Downloads\pokemon\data\images\skorupi.png,120,120,1.0,RGBA,PNG,3.7978515625,True,0.8802083333333334,140.50550724637682,148.0550724637681,177.09855072463768,149.10870898550726,58.84419848752609,True
drapion,Poison,Dark,,C:\Users\Newsk\Downloads\pokemon\data\images\drapion.png,120,120,1.0,RGBA,PNG,8.32421875,True,0.6844444444444444,155.58450704225353,110.29203345070422,151.01672535211267,128.47709793133802,57.26900693243773,True
croagunk,Poison,Fighting,,C:\Users\Newsk\Downloads\pokemon\data\images\croagunk.png,120,120,1.0,RGBA,PNG,3.462890625,True,0.8917361111111111,105.59397049390635,117.70429762668377,145.48749198203976,117.25059397049391,49.39290350024711,True
toxicroak,Poison,Fighting,,C:\Users\Newsk\Downloads\pokemon\data\images\toxicroak.png,120,120,1.0,RGBA,PNG,5.1171875,True,0.8315972222222222,124.29525773195876,128.21690721649483,154.9496907216495,130.09187134020618,38.70792957112587,True
carnivine,Grass,,,C:\Users\Newsk\Downloads\pokemon\data\images\carnivine.png,120,120,1.0,RGBA,PNG,4.8212890625,True,0.8476388888888888,169.28669097538742,177.99316317228806,109.29762989972653,167.55863719234276,49.06052201791741,False
finneon,Water,,,C:\Users\Newsk\Downloads\pokemon\data\images\finneon.png,120,120,1.0,RGBA,PNG,2.19921875,True,0.9347916666666667,136.7635782747604,141.75079872204472,150.48242811501598,141.25502555910543,60.964008970161544,False
lumineon,Water,,,C:\Users\Newsk\Downloads\pokemon\data\images\lumineon.png,120,120,1.0,RGBA,PNG,4.083984375,True,0.8620138888888889,103.26119778560644,133.54856567689984,137.22395571212883,124.9116371414192,73.86821268390031,False
mantyke,Water,Flying,,C:\Users\Newsk\Downloads\pokemon\data\images\mantyke.png,120,120,1.0,RGBA,PNG,2.5166015625,True,0.9157638888888889,86.75185490519374,138.18878812860677,179.29183841714757,127.49489282769991,56.214544349707516,True
snover,Grass,Ice,,C:\Users\Newsk\Downloads\pokemon\data\images\snover.png,120,120,1.0,RGBA,PNG,3.810546875,True,0.8408333333333333,170.32940663176265,178.8760907504363,170.25959860383944,175.33835209424083,59.25869342006206,True
abomasnow,Grass,Ice,,C:\Users\Newsk\Downloads\pokemon\data\images\abomasnow.png,120,120,1.0,RGBA,PNG,6.4033203125,True,0.62625,190.03232998885173,206.28539576365662,205.04329245633593,201.28412931995538,58.50562766779194,True
weavile,Dark,Ice,,C:\Users\Newsk\Downloads\pokemon\data\images\weavile.png,120,120,1.0,RGBA,PNG,5.0048828125,True,0.8204166666666667,146.52242846094353,88.64810518174788,109.38089713843775,108.31606612529,47.27958400406793,True
magnezone,Electric,Steel,,C:\Users\Newsk\Downloads\pokemon\data\images\magnezone.png,120,120,1.0,RGBA,PNG,4.208984375,True,0.825625,153.6172839506173,156.67542811628834,155.6794105933891,155.64749701314219,59.28973904971856,True
lickilicky,Normal,,,C:\Users\Newsk\Downloads\pokemon\data\images\lickilicky.png,120,120,1.0,RGBA,PNG,4.021484375,True,0.8164583333333333,221.28225501324252,148.48013620885357,150.30344305713206,170.4558267120696,39.601110835231296,False
rhyperior,Ground,Rock,,C:\Users\Newsk\Downloads\pokemon\data\images\rhyperior.png,120,120,1.0,RGBA,PNG,8.1416015625,True,0.6152777777777778,164.6465703971119,118.5057761732852,97.06407942238268,129.8575202166065,39.26075480338988,True
tangrowth,Grass,,,C:\Users\Newsk\Downloads\pokemon\data\images\tangrowth.png,120,120,1.0,RGBA,PNG,7.2392578125,True,0.6711111111111111,116.22233952702703,147.32875844594594,177.015625,141.41224197635134,42.13131048766064,False
electivire,Electric,,,C:\Users\Newsk\Downloads\pokemon\data\images\electivire.png,120,120,1.0,RGBA,PNG,8.01953125,True,0.69375,164.51360544217687,153.1891156462585,100.64172335600907,150.58473537414963,77.00232698878077,False
magmortar,Fire,,,C:\Users\Newsk\Downloads\pokemon\data\images\magmortar.png,120,120,1.0,RGBA,PNG,7.572265625,True,0.6702083333333333,200.4630448515477,125.99810486418194,64.58012213097494,141.2614718888187,50.77234944393206,False
togekiss,Fairy,Flying,,C:\Users\Newsk\Downloads\pokemon\data\images\togekiss.png,120,120,1.0,RGBA,PNG,2.5654296875,True,0.8697916666666666,204.39413333333334,215.58293333333333,215.31146666666666,212.20653493333333,46.40021228489635,True
yanmega,Bug,Flying,,C:\Users\Newsk\Downloads\pokemon\data\images\yanmega.png,120,120,1.0,RGBA,PNG,4.4580078125,True,0.8879861111111111,133.13267203967763,126.42777433353999,107.68567885926845,126.29593986360818,60.67524263154008,True
leafeon,Grass,,,C:\Users\Newsk\Downloads\pokemon\data\images\leafeon.png,120,120,1.0,RGBA,PNG,3.8984375,True,0.8854861111111111,176.61370527592481,187.18981200727714,142.7919951485749,178.96620497271073,47.89436783069795,False
glaceon,Ice,,,C:\Users\Newsk\Downloads\pokemon\data\images\glaceon.png,120,120,1.0,RGBA,PNG,3.8759765625,True,0.8734027777777778,127.32967635765222,175.04991771804717,180.12616566099837,161.36025781678552,61.97660603383144,False
gliscor,Ground,Flying,,C:\Users\Newsk\Downloads\pokemon\data\images\gliscor.png,120,120,1.0,RGBA,PNG,5.8740234375,True,0.7553472222222222,135.90377519159807,133.14958841896112,153.08629009367016,136.2458742548964,53.5915130906282,True
mamoswine,Ice,Ground,,C:\Users\Newsk\Downloads\pokemon\data\images\mamoswine.png,120,120,1.0,RGBA,PNG,6.4287109375,True,0.6785416666666666,182.90386692590192,161.07906675307842,132.05811190321884,164.29629315186864,62.6818980672582,True
porygon-z,Normal,,,C:\Users\Newsk\Downloads\pokemon\data\images\porygon-z.png,120,120,1.0,RGBA,PNG,2.8515625,True,0.9168055555555555,129.2771285475793,135.14691151919865,155.0617696160267,135.66214023372285,36.52035604275397,False
gallade,Psychic,Fighting,,C:\Users\Newsk\Downloads\pokemon\data\images\gallade.png,120,120,1.0,RGBA,PNG,3.5341796875,True,0.8858333333333334,153.7852798053528,185.20924574209246,168.43795620437956,173.90155291970802,65.66468824586036,True
probopass,Rock,Steel,,C:\Users\Newsk\Downloads\pokemon\data\images\probopass.png,120,120,1.0,RGBA,PNG,4.7041015625,True,0.7390972222222223,135.28533404311952,111.90550971519829,122.11924407772159,120.06044290657438,55.021031187536344,True
dusknoir,Ghost,,,C:\Users\Newsk\Downloads\pokemon\data\images\dusknoir.png,120,120,1.0,RGBA,PNG,6.970703125,True,0.7018055555555556,134.50884955752213,131.7454587796926,114.17023754075454,130.56813740102467,58.5322378983667,False
froslass,Ice,Ghost,,C:\Users\Newsk\Downloads\pokemon\data\images\froslass.png,120,120,1.0,RGBA,PNG,3.76171875,True,0.8715972222222222,188.9956733369389,187.87669010275826,190.7160627366144,188.53495457003788,61.96370293012217,True
rotom,Electric,Ghost,,C:\Users\Newsk\Downloads\pokemon\data\images\rotom.png,120,120,1.0,RGBA,PNG,2.7392578125,True,0.925625,189.2278244631186,198.8468720821662,187.20354808590102,194.6434379084967,41.98871492353175,True
uxie,Psychic,,,C:\Users\Newsk\Downloads\pokemon\data\images\uxie.png,120,120,1.0,RGBA,PNG,3.2724609375,True,0.9043055555555556,187.45718432510884,185.25036284470247,153.19085631349782,182.25541872278663,51.40094564571621,False
mesprit,Psychic,,,C:\Users\Newsk\Downloads\pokemon\data\images\mesprit.png,120,120,1.0,RGBA,PNG,4.30859375,True,0.8768055555555556,187.91770011273957,158.47294250281848,178.50845546786923,169.56097350620067,42.13066161526138,False
azelf,Psychic,,,C:\Users\Newsk\Downloads\pokemon\data\images\azelf.png,120,120,1.0,RGBA,PNG,3.07421875,True,0.9138194444444444,143.3972602739726,178.91377921031426,193.1917808219178,169.92203223207088,44.88049213881964,False
dialga,Steel,Dragon,,C:\Users\Newsk\Downloads\pokemon\data\images\dialga.png,120,120,1.0,RGBA,PNG,9.318359375,True,0.6752777777777778,125.70423438836613,146.0074850299401,168.20680068434558,142.4675350727117,72.77926087999299,True
palkia,Water,Dragon,,C:\Users\Newsk\Downloads\pokemon\data\images\palkia.png,120,120,1.0,RGBA,PNG,8.80859375,True,0.6268055555555556,189.01507257164124,177.3650911797544,189.06103461109043,182.18177316710086,62.0194438226497,True
heatran,Fire,Steel,,C:\Users\Newsk\Downloads\pokemon\data\images\heatran.png,120,120,1.0,RGBA,PNG,6.6767578125,True,0.7238194444444445,156.56047271812923,131.05406084988684,120.7495599698265,137.50576489816444,70.20181417089148,True
regigigas,Normal,,,C:\Users\Newsk\Downloads\pokemon\data\images\regigigas.png,120,120,1.0,RGBA,PNG,9.6982421875,True,0.5786805555555555,172.93917916597988,180.32586121641668,140.20438437448493,173.54339492335586,73.20336591499476,False
giratina-altered,Ghost,Dragon,,C:\Users\Newsk\Downloads\pokemon\data\images\giratina-altered.png,120,120,1.0,RGBA,PNG,10.4755859375,True,0.5744444444444444,149.00554830287206,134.78932767624022,113.57800261096605,136.62188658616188,69.44881828872555,True
cresselia,Psychic,,,C:\Users\Newsk\Downloads\pokemon\data\images\cresselia.png,120,120,1.0,RGBA,PNG,4.62890625,True,0.83,218.65522875816993,185.7610294117647,185.9718137254902,195.62042442810457,43.72344601950159,False
phione,Water,,,C:\Users\Newsk\Downloads\pokemon\data\images\phione.png,120,120,1.0,RGBA,PNG,3.017578125,True,0.9055555555555556,107.74411764705883,181.0610294117647,203.04044117647058,161.6449257352941,40.686892224533544,False
manaphy,Water,,,C:\Users\Newsk\Downloads\pokemon\data\images\manaphy.png,120,120,1.0,RGBA,PNG,3.1767578125,True,0.89125,121.93486590038314,196.8933588761175,210.2330779054917,176.00149744572158,37.90246812432382,False
darkrai,Dark,,,C:\Users\Newsk\Downloads\pokemon\data\images\darkrai.png,120,120,1.0,RGBA,PNG,6.1796875,True,0.7242361111111111,108.65877612692017,102.26643162931252,99.09519012843113,103.81622110299672,65.81353315846805,False
shaymin-land,Grass,,,C:\Users\Newsk\Downloads\pokemon\data\images\shaymin-land.png,120,120,1.0,RGBA,PNG,2.9306640625,True,0.9036111111111111,174.0936599423631,184.27593659942363,133.56195965417868,175.4500425072046,53.555350160439346,False
arceus,Normal,,,C:\Users\Newsk\Downloads\pokemon\data\images\arceus.png,120,120,1.0,RGBA,PNG,7.01953125,True,0.7386805555555556,190.99867127292055,189.867658782886,172.97581716715388,188.28016157321287,59.09772588791364,False
victini,Psychic,Fire,,C:\Users\Newsk\Downloads\pokemon\data\images\victini.png,120,120,1.0,RGBA,PNG,3.4013671875,True,0.9009722222222222,193.30575035063114,159.5336605890603,118.2398316970547,164.92401893408135,52.546272541663534,True
snivy,Grass,,,C:\Users\Newsk\Downloads\pokemon\data\images\snivy.png,120,120,1.0,RGBA,PNG,3.0751953125,True,0.9165972222222222,149.1465445462115,180.02914238134886,114.45961698584513,163.32031973355535,53.295167022373924,False
servine,Grass,,,C:\Users\Newsk\Downloads\pokemon\data\images\servine.png,120,120,1.0,RGBA,PNG,3.6474609375,True,0.896875,164.74949494949496,188.04107744107745,121.57508417508417,173.49977104377103,51.183795443599394,False
serperior,Grass,,,C:\Users\Newsk\Downloads\pokemon\data\images\serperior.png,120,120,1.0,RGBA,PNG,5.443359375,True,0.8,98.66840277777777,155.20208333333332,106.63576388888889,132.76195243055554,60.72635989285279,False
tepig,Fire,,,C:\Users\Newsk\Downloads\pokemon\data\images\tepig.png,120,120,1.0,RGBA,PNG,2.974609375,True,0.8972916666666667,170.45706558485463,109.04800540906018,69.37052062204192,122.88608113590264,56.39106627259815,False
pignite,Fire,Fighting,,C:\Users\Newsk\Downloads\pokemon\data\images\pignite.png,120,120,1.0,RGBA,PNG,4.744140625,True,0.8106944444444444,155.54842259721204,107.30887747615554,67.06859867938371,117.14510968451944,56.72131658177933,True
emboar,Fire,Fighting,,C:\Users\Newsk\Downloads\pokemon\data\images\emboar.png,120,120,1.0,RGBA,PNG,8.8583984375,True,0.6160416666666666,140.14631940676432,106.71242539338036,64.58998010490143,111.90720094049557,70.50696056508833,True
oshawott,Water,,,C:\Users\Newsk\Downloads\pokemon\data\images\oshawott.png,120,120,1.0,RGBA,PNG,2.396484375,True,0.9184027777777778,170.98212765957447,186.92255319148936,189.5608510638298,182.45713191489364,66.00623303535104,False
dewott,Water,,,C:\Users\Newsk\Downloads\pokemon\data\images\dewott.png,120,120,1.0,RGBA,PNG,3.7275390625,True,0.8853472222222222,119.83403997577226,157.36886735311933,169.47607510599636,147.52617565112052,60.92728213747629,False
samurott,Water,,,C:\Users\Newsk\Downloads\pokemon\data\images\samurott.png,120,120,1.0,RGBA,PNG,7.013671875,True,0.7539583333333333,126.60880609652837,144.42986169912504,159.1495907423088,140.77941518487157,62.831865795009136,False
patrat,Normal,,,C:\Users\Newsk\Downloads\pokemon\data\images\patrat.png,120,120,1.0,RGBA,PNG,3.1845703125,True,0.8975,179.99864498644988,149.71680216802167,117.15040650406505,155.05850406504064,58.53908021256784,False
watchog,Normal,,,C:\Users\Newsk\Downloads\pokemon\data\images\watchog.png,120,120,1.0,RGBA,PNG,3.90625,True,0.8777083333333333,180.60647359454856,134.3923906871096,89.31005110732538,143.07101476433843,68.47924826755053,False
lillipup,Normal,,,C:\Users\Newsk\Downloads\pokemon\data\images\lillipup.png,120,120,1.0,RGBA,PNG,2.869140625,True,0.9071527777777778,209.698578908003,175.55572176514585,130.9401645474944,180.67826252804787,52.638812432361576,False
herdier,Normal,,,C:\Users\Newsk\Downloads\pokemon\data\images\herdier.png,120,120,1.0,RGBA,PNG,4.302734375,True,0.8516666666666667,158.79728464419475,134.68960674157304,119.08567415730337,140.11895411985017,64.42221822295954,False
stoutland,Normal,,,C:\Users\Newsk\Downloads\pokemon\data\images\stoutland.png,120,120,1.0,RGBA,PNG,5.7890625,True,0.7172916666666667,166.90051584377304,160.16605256693688,143.8533529845247,160.32000933431587,76.09225981108631,False
purrloin,Dark,,,C:\Users\Newsk\Downloads\pokemon\data\images\purrloin.png,120,120,1.0,RGBA,PNG,3.53125,True,0.9059722222222222,135.5731166912851,111.68685376661743,136.1115214180207,121.61325849335304,56.39564357082687,False
liepard,Dark,,,C:\Users\Newsk\Downloads\pokemon\data\images\liepard.png,120,120,1.0,RGBA,PNG,4.958984375,True,0.8611111111111112,147.886,119.691,116.47,127.754111,53.006551431711515,False
pansage,Grass,,,C:\Users\Newsk\Downloads\pokemon\data\images\pansage.png,120,120,1.0,RGBA,PNG,3.8515625,True,0.8732638888888888,115.83068493150685,178.81808219178083,120.96931506849315,153.39009095890412,44.5942846270802,False
simisage,Grass,,,C:\Users\Newsk\Downloads\pokemon\data\images\simisage.png,120,120,1.0,RGBA,PNG,5.2431640625,True,0.8072916666666666,113.91351351351351,173.2763963963964,119.78666666666666,149.4290652252252,46.49765925609509,False
pansear,Fire,,,C:\Users\Newsk\Downloads\pokemon\data\images\pansear.png,120,120,1.0,RGBA,PNG,3.6650390625,True,0.8800694444444445,213.80602200347423,143.4302258251303,105.5842501447597,160.15814765489284,44.32332978948986,False
simisear,Fire,,,C:\Users\Newsk\Downloads\pokemon\data\images\simisear.png,120,120,1.0,RGBA,PNG,5.158203125,True,0.8252083333333333,210.90425109257052,148.99642431466032,113.55979340484704,163.46708859753673,50.25459614572642,False
panpour,Water,,,C:\Users\Newsk\Downloads\pokemon\data\images\panpour.png,120,120,1.0,RGBA,PNG,4.2958984375,True,0.8653472222222223,128.72305312016502,185.71892728210418,183.52191851469829,168.42670190820007,40.59241042392779,False
simipour,Water,,,C:\Users\Newsk\Downloads\pokemon\data\images\simipour.png,120,120,1.0,RGBA,PNG,5.7255859375,True,0.7984027777777778,135.02170168790906,189.79056148811574,181.34860489149156,172.4522893558388,44.50682860350028,False
munna,Psychic,,,C:\Users\Newsk\Downloads\pokemon\data\images\munna.png,120,120,1.0,RGBA,PNG,2.111328125,True,0.8892361111111111,233.858934169279,194.2025078369906,204.458934169279,207.22901191222573,33.27814682634982,False
musharna,Psychic,,,C:\Users\Newsk\Downloads\pokemon\data\images\musharna.png,120,120,1.0,RGBA,PNG,5.037109375,True,0.7382638888888888,217.12443618997082,175.78455823825948,195.27354736004244,190.36692650570444,38.11996149425998,False
pidove,Normal,Flying,,C:\Users\Newsk\Downloads\pokemon\data\images\pidove.png,120,120,1.0,RGBA,PNG,2.2861328125,True,0.9245833333333333,148.60681399631676,143.13996316758747,138.11049723756906,144.20119244935543,69.49220311453352,True
tranquill,Normal,Flying,,C:\Users\Newsk\Downloads\pokemon\data\images\tranquill.png,120,120,1.0,RGBA,PNG,4.083984375,True,0.8552083333333333,153.83453237410072,147.75539568345323,149.12278177458035,149.7289395683453,80.69660805421341,True
unfezant,Normal,Flying,,C:\Users\Newsk\Downloads\pokemon\data\images\unfezant.png,120,120,1.0,RGBA,PNG,5.76953125,True,0.786875,124.2691430433366,124.04822417725643,120.55913978494624,123.71652329749104,49.11299045563674,True
blitzle,Electric,,,C:\Users\Newsk\Downloads\pokemon\data\images\blitzle.png,120,120,1.0,RGBA,PNG,3.2822265625,True,0.8914583333333334,126.36724248240563,125.20089571337172,123.50543825975687,125.35635124760077,70.96348553064325,False
zebstrika,Electric,,,C:\Users\Newsk\Downloads\pokemon\data\images\zebstrika.png,120,120,1.0,RGBA,PNG,5.123046875,True,0.8371527777777777,127.01023454157783,123.63752665245202,120.33944562899786,124.26998507462687,76.62862330856312,False
roggenrola,Rock,,,C:\Users\Newsk\Downloads\pokemon\data\images\roggenrola.png,120,120,1.0,RGBA,PNG,2.46875,True,0.9146527777777778,84.8893409275834,80.97721724979658,77.08462164361269,81.70318633034987,54.57393728187622,False
boldore,Rock,,,C:\Users\Newsk\Downloads\pokemon\data\images\boldore.png,120,120,1.0,RGBA,PNG,4.5126953125,True,0.8114583333333334,77.5499079189687,64.40405156537753,76.7915285451197,69.7468349907919,44.56065154220658,False
gigalith,Rock,,,C:\Users\Newsk\Downloads\pokemon\data\images\gigalith.png,120,120,1.0,RGBA,PNG,6.509765625,True,0.6971527777777777,117.97385920660399,76.03118550791103,84.1790873652832,89.50090575556064,41.728374928922506,False
woobat,Psychic,Flying,,C:\Users\Newsk\Downloads\pokemon\data\images\woobat.png,120,120,1.0,RGBA,PNG,2.8037109375,True,0.9085416666666667,150.44343204252087,163.95368261199695,171.66818526955203,160.79357099468487,76.92115861087863,True
swoobat,Psychic,Flying,,C:\Users\Newsk\Downloads\pokemon\data\images\swoobat.png,120,120,1.0,RGBA,PNG,4.4345703125,True,0.8296527777777778,105.63636363636364,121.2984101100693,138.1043620057073,118.53133673053402,67.03368503524133,True
drilbur,Ground,,,C:\Users\Newsk\Downloads\pokemon\data\images\drilbur.png,120,120,1.0,RGBA,PNG,3.1083984375,True,0.8863194444444444,142.19181429444106,136.1905925473427,141.13927916921196,138.5491081246182,64.89249286960647,False
excadrill,Ground,Steel,,C:\Users\Newsk\Downloads\pokemon\data\images\excadrill.png,120,120,1.0,RGBA,PNG,4.869140625,True,0.7976388888888889,121.20658888126287,106.40356897735072,106.58339052848318,110.85017158544954,58.20429737488447,True
audino,Normal,,,C:\Users\Newsk\Downloads\pokemon\data\images\audino.png,120,120,1.0,RGBA,PNG,4.09765625,True,0.8280555555555555,224.87318255250403,187.546042003231,177.1958804523425,197.52693861066234,37.03474528836098,False
timburr,Fighting,,,C:\Users\Newsk\Downloads\pokemon\data\images\timburr.png,120,120,1.0,RGBA,PNG,3.3408203125,True,0.8741666666666666,182.848233995585,156.01158940397352,133.99116997792495,161.5254183222958,50.1883228739081,False
gurdurr,Fighting,,,C:\Users\Newsk\Downloads\pokemon\data\images\gurdurr.png,120,120,1.0,RGBA,PNG,4.998046875,True,0.787986111111111,165.48247625286604,125.24598755322633,127.92302653128071,137.5818801179168,66.17286368863036,False
conkeldurr,Fighting,,,C:\Users\Newsk\Downloads\pokemon\data\images\conkeldurr.png,120,120,1.0,RGBA,PNG,7.796875,True,0.555763888888889,160.7895888697827,146.4536501485071,143.16335782398,150.3650025011724,36.95377458841941,False
tympole,Water,,,C:\Users\Newsk\Downloads\pokemon\data\images\tympole.png,120,120,1.0,RGBA,PNG,1.998046875,True,0.9370833333333334,155.17991169977924,152.62472406181016,132.38631346578367,151.0815463576159,77.29788477288781,False
palpitoad,Water,Ground,,C:\Users\Newsk\Downloads\pokemon\data\images\palpitoad.png,120,120,1.0,RGBA,PNG,3.4013671875,True,0.8552777777777778,125.15163147792707,154.56429942418427,160.10892514395394,146.4019990403071,61.841041446859904,True
seismitoad,Water,Ground,,C:\Users\Newsk\Downloads\pokemon\data\images\seismitoad.png,120,120,1.0,RGBA,PNG,7.634765625,True,0.6471527777777778,93.88486518401889,143.6913993308404,170.37354851407204,131.84101062782918,46.09249598434439,True
throh,Fighting,,,C:\Users\Newsk\Downloads\pokemon\data\images\throh.png,120,120,1.0,RGBA,PNG,6.15234375,True,0.7357638888888889,170.17214191852824,148.58948751642575,141.96819973718792,154.28787437582127,73.72117318622739,False
sawk,Fighting,,,C:\Users\Newsk\Downloads\pokemon\data\images\sawk.png,120,120,1.0,RGBA,PNG,5.2265625,True,0.8362499999999999,104.30237489397794,134.02459711620017,147.69508057675998,126.69608778625953,66.96309745783185,False
sewaddle,Bug,Grass,,C:\Users\Newsk\Downloads\pokemon\data\images\sewaddle.png,120,120,1.0,RGBA,PNG,2.4365234375,True,0.9238194444444444,174.54785779398358,177.1084776663628,83.65268915223336,165.68889243391064,54.65836551013965,True
swadloon,Bug,Grass,,C:\Users\Newsk\Downloads\pokemon\data\images\swadloon.png,120,120,1.0,RGBA,PNG,2.96875,True,0.8934027777777778,133.38762214983714,171.85081433224755,59.592182410423455,147.55283583061887,47.33408595618226,True
leavanny,Bug,Grass,,C:\Users\Newsk\Downloads\pokemon\data\images\leavanny.png,120,120,1.0,RGBA,PNG,4.5107421875,True,0.8749305555555555,133.0344253192671,161.93225985563575,69.5341476957246,142.75842254303166,47.856144181166975,True
venipede,Bug,Poison,,C:\Users\Newsk\Downloads\pokemon\data\images\venipede.png,120,120,1.0,RGBA,PNG,3.08984375,True,0.890625,181.05523809523808,93.31873015873016,112.8520634920635,121.77874603174601,46.64714380304381,True
whirlipede,Bug,Poison,,C:\Users\Newsk\Downloads\pokemon\data\images\whirlipede.png,120,120,1.0,RGBA,PNG,4.4443359375,True,0.8126388888888889,149.5626389918458,133.97368421052633,148.47146034099333,140.28752816901408,49.17001280732327,True
scolipede,Bug,Poison,,C:\Users\Newsk\Downloads\pokemon\data\images\scolipede.png,120,120,1.0,RGBA,PNG,6.87109375,True,0.7472916666666667,129.63478977741138,77.03077768617752,90.40752954108271,94.28432701291564,39.9537162168611,True
cottonee,Grass,Fairy,,C:\Users\Newsk\Downloads\pokemon\data\images\cottonee.png,120,120,1.0,RGBA,PNG,2.1962890625,True,0.9214583333333334,174.420866489832,210.3527851458886,167.77453580901857,194.75522104332447,45.939281558798726,True
whimsicott,Grass,Fairy,,C:\Users\Newsk\Downloads\pokemon\data\images\whimsicott.png,120,120,1.0,RGBA,PNG,3.970703125,True,0.7974305555555555,204.09393212204319,202.54782310593075,155.05279396640384,197.59567637984227,52.35750541285115,True
petilil,Grass,,,C:\Users\Newsk\Downloads\pokemon\data\images\petilil.png,120,120,1.0,RGBA,PNG,3.0029296875,True,0.9004861111111111,182.10676901605024,203.6120027913468,134.85484996510817,189.34362247034193,55.023705704266206,False
lilligant,Grass,,,C:\Users\Newsk\Downloads\pokemon\data\images\lilligant.png,120,120,1.0,RGBA,PNG,5.255859375,True,0.7988194444444444,164.0745598895409,172.92026234035208,105.55229547808078,162.59544908526058,50.53630533478027,False
basculin-red-striped,Water,,,C:\Users\Newsk\Downloads\pokemon\data\images\basculin-red-striped.png,120,120,1.0,RGBA,PNG,3.166015625,True,0.8877777777777778,140.35829207920793,172.06064356435644,139.81930693069307,158.90612809405943,50.911663660948534,False
sandile,Ground,Dark,,C:\Users\Newsk\Downloads\pokemon\data\images\sandile.png,120,120,1.0,RGBA,PNG,2.939453125,True,0.9013888888888889,141.49647887323943,117.11830985915493,89.70140845070422,121.28185563380282,59.932282427021384,True
krokorok,Ground,Dark,,C:\Users\Newsk\Downloads\pokemon\data\images\krokorok.png,120,120,1.0,RGBA,PNG,4.20703125,True,0.8676388888888888,150.82161594963273,123.48583420776495,99.75865687303254,128.95433473242392,58.733419979382454,True
krookodile,Ground,Dark,,C:\Users\Newsk\Downloads\pokemon\data\images\krookodile.png,120,120,1.0,RGBA,PNG,5.8408203125,True,0.7486111111111111,156.4522099447514,116.08867403314918,124.4182320441989,129.1069408839779,53.433471491557114,True
darumaka,Fire,,,C:\Users\Newsk\Downloads\pokemon\data\images\darumaka.png,120,120,1.0,RGBA,PNG,2.626953125,True,0.9061805555555555,185.07105847520356,107.50037009622501,86.1561806069578,128.26076831976312,48.79920780958127,False
darmanitan-standard,Fire,,,C:\Users\Newsk\Downloads\pokemon\data\images\darmanitan-standard.png,120,120,1.0,RGBA,PNG,6.109375,True,0.7172916666666667,184.58364038319823,100.70130189142716,77.47211987226726,123.13399435028248,50.46812563295935,False
maractus,Grass,,,C:\Users\Newsk\Downloads\pokemon\data\images\maractus.png,120,120,1.0,RGBA,PNG,5.2861328125,True,0.8213194444444445,121.75825884181889,155.0190439176059,107.80101049358726,139.69121336960745,52.178925108164094,False
dwebble,Bug,Rock,,C:\Users\Newsk\Downloads\pokemon\data\images\dwebble.png,120,120,1.0,RGBA,PNG,2.8134765625,True,0.8924305555555556,142.6333118140736,105.66429954809554,77.09554551323434,113.4611962556488,47.67669847085592,True
crustle,Bug,Rock,,C:\Users\Newsk\Downloads\pokemon\data\images\crustle.png,120,120,1.0,RGBA,PNG,6.267578125,True,0.6370138888888889,132.0248708628276,108.71092404821121,81.67113066768701,112.59925770040175,39.333018670346235,True
scraggy,Dark,Fighting,,C:\Users\Newsk\Downloads\pokemon\data\images\scraggy.png,120,120,1.0,RGBA,PNG,2.9267578125,True,0.9077083333333333,214.32806621519939,186.6139954853273,125.56884875846501,187.94135590669674,47.30184563854918,True
scrafty,Dark,Fighting,,C:\Users\Newsk\Downloads\pokemon\data\images\scrafty.png,120,120,1.0,RGBA,PNG,4.041015625,True,0.8664583333333333,204.5990639625585,151.39573582943316,101.74830993239729,161.64372438897553,42.648559146371305,True
sigilyph,Psychic,Flying,,C:\Users\Newsk\Downloads\pokemon\data\images\sigilyph.png,120,120,1.0,RGBA,PNG,7.2216796875,True,0.8051388888888888,145.73627940128296,137.27583749109053,114.13471133285816,137.16742124019956,59.93750734940082,True
yamask,Ghost,,,C:\Users\Newsk\Downloads\pokemon\data\images\yamask.png,120,120,1.0,RGBA,PNG,2.5849609375,True,0.9252083333333333,108.02321262766945,96.45311049210771,82.37047353760445,98.30715041782729,51.395748349204666,False
cofagrigus,Ghost,,,C:\Users\Newsk\Downloads\pokemon\data\images\cofagrigus.png,120,120,1.0,RGBA,PNG,8.978515625,True,0.6763194444444445,107.57412572409355,105.29779017378245,87.60201673460631,103.96109633125937,54.60692055757907,False
tirtouga,Water,Rock,,C:\Users\Newsk\Downloads\pokemon\data\images\tirtouga.png,120,120,1.0,RGBA,PNG,2.5927734375,True,0.9051388888888889,98.97584187408492,124.38360175695462,150.2298682284041,119.73315592972182,48.8305286681705,True
carracosta,Water,Rock,,C:\Users\Newsk\Downloads\pokemon\data\images\carracosta.png,120,120,1.0,RGBA,PNG,6.1806640625,True,0.7282638888888888,95.60311781242014,125.0725785842065,155.18425760286226,119.69394122156913,43.431756020548946,True
archen,Rock,Flying,,C:\Users\Newsk\Downloads\pokemon\data\images\archen.png,120,120,1.0,RGBA,PNG,3.529296875,True,0.8999305555555556,176.64746703678,133.36363636363637,118.83969465648855,144.64977238029144,46.58832232990534,True
archeops,Rock,Flying,,C:\Users\Newsk\Downloads\pokemon\data\images\archeops.png,120,120,1.0,RGBA,PNG,8.3134765625,True,0.7332638888888889,142.53371517833898,151.94480604009374,131.69877636032282,146.82284248893518,56.04261109036596,True
trubbish,Poison,,,C:\Users\Newsk\Downloads\pokemon\data\images\trubbish.png,120,120,1.0,RGBA,PNG,2.900390625,True,0.8941666666666667,111.29133858267717,130.0498687664042,111.7007874015748,122.34927296587927,44.028632738873725,False
garbodor,Poison,,,C:\Users\Newsk\Downloads\pokemon\data\images\garbodor.png,120,120,1.0,RGBA,PNG,7.28125,True,0.6715277777777777,144.73023255813953,144.86807610993657,124.48076109936575,142.50270697674418,43.21368221523279,False
zorua,Dark,,,C:\Users\Newsk\Downloads\pokemon\data\images\zorua.png,120,120,1.0,RGBA,PNG,3.3017578125,True,0.8845138888888889,100.58809380637402,81.6049308478653,103.25255562236921,89.74872579675286,40.750008653670015,False
zoroark,Dark,,,C:\Users\Newsk\Downloads\pokemon\data\images\zoroark.png,120,120,1.0,RGBA,PNG,6.1455078125,True,0.7659722222222223,103.0026706231454,65.5860534124629,78.25281899109793,78.21763323442136,41.71065162071354,False
minccino,Normal,,,C:\Users\Newsk\Downloads\pokemon\data\images\minccino.png,120,120,1.0,RGBA,PNG,4.056640625,True,0.8441666666666667,201.30748663101605,192.41800356506238,192.13057040998217,195.0431916221034,47.12937574555384,False
cinccino,Normal,,,C:\Users\Newsk\Downloads\pokemon\data\images\cinccino.png,120,120,1.0,RGBA,PNG,4.2314453125,True,0.8055555555555556,208.9467857142857,202.28035714285716,201.3025,204.16214357142857,45.610535612651596,False
gothita,Psychic,,,C:\Users\Newsk\Downloads\pokemon\data\images\gothita.png,120,120,1.0,RGBA,PNG,2.9052734375,True,0.9115277777777778,165.14678178963894,151.44191522762952,166.42621664050236,157.24788069073784,70.62072912845149,False
gothorita,Psychic,,,C:\Users\Newsk\Downloads\pokemon\data\images\gothorita.png,120,120,1.0,RGBA,PNG,3.736328125,True,0.8379166666666666,103.34061696658098,101.35904027420737,104.39802913453299,102.2979764353042,82.3939368565566,False
gothitelle,Psychic,,,C:\Users\Newsk\Downloads\pokemon\data\images\gothitelle.png,120,120,1.0,RGBA,PNG,5.291015625,True,0.7552777777777777,89.22190692395006,85.62712826333711,88.29511918274687,87.0061180476731,76.67561137225813,False
solosis,Psychic,,,C:\Users\Newsk\Downloads\pokemon\data\images\solosis.png,120,120,1.0,RGBA,PNG,2.3583984375,True,0.9153472222222222,181.57834290401968,215.15504511894997,172.86136177194422,200.29413125512713,31.813542348561885,False
duosion,Psychic,,,C:\Users\Newsk\Downloads\pokemon\data\images\duosion.png,120,120,1.0,RGBA,PNG,3.3330078125,True,0.87375,181.46644664466447,220.2057205720572,176.1138613861386,203.59620572057204,30.1781139568725,False
reuniclus,Psychic,,,C:\Users\Newsk\Downloads\pokemon\data\images\reuniclus.png,120,120,1.0,RGBA,PNG,8.6572265625,True,0.6978472222222223,180.27740749253044,211.84601241094,172.11652493679614,197.87783796828313,33.8862450868917,False
ducklett,Water,Flying,,C:\Users\Newsk\Downloads\pokemon\data\images\ducklett.png,120,120,1.0,RGBA,PNG,2.78125,True,0.9075,159.46471471471472,190.59834834834834,182.7575075075075,180.39553603603602,46.126475453352185,True
swanna,Water,Flying,,C:\Users\Newsk\Downloads\pokemon\data\images\swanna.png,120,120,1.0,RGBA,PNG,5.470703125,True,0.7754861111111111,191.093411691927,202.79771110423755,211.45746984225178,200.28533807609028,45.82018891843787,True
vanillite,Ice,,,C:\Users\Newsk\Downloads\pokemon\data\images\vanillite.png,120,120,1.0,RGBA,PNG,2.16015625,True,0.9140972222222222,204.32578819725143,210.9498787388844,221.1802748585287,210.13554082457557,51.90122074474566,False
vanillish,Ice,,,C:\Users\Newsk\Downloads\pokemon\data\images\vanillish.png,120,120,1.0,RGBA,PNG,3.283203125,True,0.883888888888889,177.93361244019138,196.4078947368421,216.1261961722488,193.1319706937799,53.0124404512547,False
vanilluxe,Ice,,,C:\Users\Newsk\Downloads\pokemon\data\images\vanilluxe.png,120,120,1.0,RGBA,PNG,4.919921875,True,0.7909722222222222,185.95249169435215,200.7637873754153,218.89634551495016,198.40232159468437,50.94202444098988,False
deerling,Normal,Grass,,C:\Users\Newsk\Downloads\pokemon\data\images\deerling.png,120,120,1.0,RGBA,PNG,3.5576171875,True,0.9013194444444445,198.69528501055595,167.9704433497537,139.71428571428572,173.93596903589022,49.646434011173284,True
sawsbuck,Normal,Grass,,C:\Users\Newsk\Downloads\pokemon\data\images\sawsbuck.png,120,120,1.0,RGBA,PNG,4.5634765625,True,0.8572222222222222,145.85505836575877,114.69406614785993,78.87645914396887,119.92799562256809,64.56522299038494,True
emolga,Electric,Flying,,C:\Users\Newsk\Downloads\pokemon\data\images\emolga.png,120,120,1.0,RGBA,PNG,3.51171875,True,0.8719444444444444,150.0227765726681,144.63937093275487,133.24837310195227,144.95043546637743,78.54681860654165,True
karrablast,Bug,,,C:\Users\Newsk\Downloads\pokemon\data\images\karrablast.png,120,120,1.0,RGBA,PNG,3.0673828125,True,0.8956944444444445,103.96338215712383,131.44873501997336,124.53262316910785,122.44217776298268,49.66371188987104,False
escavalier,Bug,Steel,,C:\Users\Newsk\Downloads\pokemon\data\images\escavalier.png,120,120,1.0,RGBA,PNG,5.3427734375,True,0.7817361111111111,196.82087177855553,152.04263442570792,144.74960229080497,164.5999217308304,50.34477730925428,True
foongus,Grass,Poison,,C:\Users\Newsk\Downloads\pokemon\data\images\foongus.png,120,120,1.0,RGBA,PNG,1.8701171875,True,0.9207638888888889,198.76161262050832,189.52322524101666,184.24802804557405,191.6841305872042,69.98696698259549,True
amoonguss,Grass,Poison,,C:\Users\Newsk\Downloads\pokemon\data\images\amoonguss.png,120,120,1.0,RGBA,PNG,4.91015625,True,0.765,162.02866430260048,135.1137706855792,129.71453900709218,142.54581146572104,61.11732953098756,True
frillish,Water,Ghost,,C:\Users\Newsk\Downloads\pokemon\data\images\frillish.png,120,120,1.0,RGBA,PNG,4.1865234375,True,0.8672222222222222,160.836820083682,202.80543933054392,211.68566945606693,191.2691684100418,39.72209414413454,True
jellicent,Water,Ghost,,C:\Users\Newsk\Downloads\pokemon\data\images\jellicent.png,120,120,1.0,RGBA,PNG,5.0400390625,True,0.7334027777777778,179.76165668142747,213.12216723104976,232.1396196926283,205.31536415733262,35.9530591743237,True
alomomola,Water,,,C:\Users\Newsk\Downloads\pokemon\data\images\alomomola.png,120,120,1.0,RGBA,PNG,3.48828125,True,0.8382638888888889,210.18462859596394,159.69214255045082,173.33533705452984,176.34472005152423,44.939839440237535,False
joltik,Bug,Electric,,C:\Users\Newsk\Downloads\pokemon\data\images\joltik.png,120,120,1.0,RGBA,PNG,1.994140625,True,0.9426388888888889,204.18401937046005,195.7917675544794,105.65859564164649,188.02586924939467,53.35646054986269,True
galvantula,Bug,Electric,,C:\Users\Newsk\Downloads\pokemon\data\images\galvantula.png,120,120,1.0,RGBA,PNG,4.5205078125,True,0.8529861111111111,186.95040151157298,175.43316013226263,121.46905999055267,172.7249078885215,58.93404697484129,True
ferroseed,Grass,Steel,,C:\Users\Newsk\Downloads\pokemon\data\images\ferroseed.png,120,120,1.0,RGBA,PNG,3.6142578125,True,0.8764583333333333,131.15345699831366,149.89151208544126,129.13603147835863,141.9227088251827,68.65746587798367,True
ferrothorn,Grass,Steel,,C:\Users\Newsk\Downloads\pokemon\data\images\ferrothorn.png,120,120,1.0,RGBA,PNG,7.103515625,True,0.7520138888888889,132.1542985158219,165.66956034724166,136.0924110893307,152.2767020442453,61.35889490891052,True
klink,Steel,,,C:\Users\Newsk\Downloads\pokemon\data\images\klink.png,120,120,1.0,RGBA,PNG,4.134765625,True,0.8540972222222223,153.98096144693002,161.34697762970015,162.68396001903855,159.29695478343643,62.488633890070474,False
klang,Steel,,,C:\Users\Newsk\Downloads\pokemon\data\images\klang.png,120,120,1.0,RGBA,PNG,5.2578125,True,0.7947222222222222,157.04059539918808,166.4533152909337,166.56123139377536,163.6512144790257,67.29686615416695,False
klinklang,Steel,,,C:\Users\Newsk\Downloads\pokemon\data\images\klinklang.png,120,120,1.0,RGBA,PNG,5.2353515625,True,0.777986111111111,168.9587112918361,177.67406944010008,179.44979668439163,175.2706102596184,66.03764207497694,False
tynamo,Electric,,,C:\Users\Newsk\Downloads\pokemon\data\images\tynamo.png,120,120,1.0,RGBA,PNG,1.4560546875,True,0.9595833333333333,198.6890034364261,204.24398625429552,199.12714776632302,201.9997268041237,47.29631201415328,False
eelektrik,Electric,,,C:\Users\Newsk\Downloads\pokemon\data\images\eelektrik.png,120,120,1.0,RGBA,PNG,3.44140625,True,0.8978472222222222,145.1855880353501,134.80217539089054,123.63902107409925,136.63421617946975,61.81013049628857,False
eelektross,Electric,,,C:\Users\Newsk\Downloads\pokemon\data\images\eelektross.png,120,120,1.0,RGBA,PNG,5.6142578125,True,0.7945833333333333,117.2001352265044,115.78228532792427,114.70385395537525,116.08328127112912,58.99906176533074,False
elgyem,Psychic,,,C:\Users\Newsk\Downloads\pokemon\data\images\elgyem.png,120,120,1.0,RGBA,PNG,2.8505859375,True,0.9077777777777778,142.875,187.17168674698794,181.21460843373495,173.24787048192772,54.97780604892401,False
beheeyem,Psychic,,,C:\Users\Newsk\Downloads\pokemon\data\images\beheeyem.png,120,120,1.0,RGBA,PNG,4.166015625,True,0.8588888888888889,169.90009842519686,140.41732283464566,125.46948818897638,147.52861958661416,53.28457953161214,False
litwick,Ghost,Fire,,C:\Users\Newsk\Downloads\pokemon\data\images\litwick.png,120,120,1.0,RGBA,PNG,2.46875,True,0.8988888888888888,199.20741758241758,203.3653846153846,218.60714285714286,203.8597129120879,50.83207664983144,True
lampent,Ghost,Fire,,C:\Users\Newsk\Downloads\pokemon\data\images\lampent.png,120,120,1.0,RGBA,PNG,3.361328125,True,0.8886111111111111,95.33167082294264,98.84039900249377,106.29488778054863,98.64110099750623,63.63897059959474,True
chandelure,Ghost,Fire,,C:\Users\Newsk\Downloads\pokemon\data\images\chandelure.png,120,120,1.0,RGBA,PNG,6.3330078125,True,0.8030555555555555,102.96156558533146,106.78561354019746,128.61001410437237,108.13020486600847,71.07815593804884,True
axew,Dragon,,,C:\Users\Newsk\Downloads\pokemon\data\images\axew.png,120,120,1.0,RGBA,PNG,2.80859375,True,0.9059722222222222,120.90324963072378,131.92245199409157,101.88183161004432,125.20307976366323,47.049136494189575,False
fraxure,Dragon,,,C:\Users\Newsk\Downloads\pokemon\data\images\fraxure.png,120,120,1.0,RGBA,PNG,4.7412109375,True,0.7995833333333333,116.495148995149,123.67221067221067,105.68884268884268,119.47616528066527,45.05357094323063,False
haxorus,Dragon,,,C:\Users\Newsk\Downloads\pokemon\data\images\haxorus.png,120,120,1.0,RGBA,PNG,7.8720703125,True,0.7051388888888889,132.05157795572305,114.77178520960905,56.159679698539804,113.25666321243524,45.17566862193734,False
cubchoo,Ice,,,C:\Users\Newsk\Downloads\pokemon\data\images\cubchoo.png,120,120,1.0,RGBA,PNG,2.75,True,0.8976388888888889,177.62279511533242,203.09701492537314,220.04341926729987,197.4121132971506,44.55305996963763,False
beartic,Ice,,,C:\Users\Newsk\Downloads\pokemon\data\images\beartic.png,120,120,1.0,RGBA,PNG,5.7666015625,True,0.67875,211.01599654128836,221.8084738434933,228.0977086035452,219.29849589277993,44.016568787900916,False
cryogonal,Ice,,,C:\Users\Newsk\Downloads\pokemon\data\images\cryogonal.png,120,120,1.0,RGBA,PNG,7.142578125,True,0.7303472222222223,119.98532062838012,150.2060262683492,178.4929178470255,144.39474092196755,60.27429916857628,False
shelmet,Bug,,,C:\Users\Newsk\Downloads\pokemon\data\images\shelmet.png,120,120,1.0,RGBA,PNG,2.677734375,True,0.9102083333333333,176.4168600154679,145.44624903325598,143.1616395978345,154.44601624129928,60.072116498556404,False
accelgor,Bug,,,C:\Users\Newsk\Downloads\pokemon\data\images\accelgor.png,120,120,1.0,RGBA,PNG,4.6376953125,True,0.839375,152.0687418936446,125.3385214007782,140.94984868136618,135.1105486381323,43.3045000992805,False
stunfisk,Ground,Electric,,C:\Users\Newsk\Downloads\pokemon\data\images\stunfisk.png,120,120,1.0,RGBA,PNG,4.8544921875,True,0.7813194444444445,184.5439822165767,148.594474436329,104.05620832010162,154.26601492537313,56.4321243062794,True
mienfoo,Fighting,,,C:\Users\Newsk\Downloads\pokemon\data\images\mienfoo.png,120,120,1.0,RGBA,PNG,3.7470703125,True,0.8759722222222223,209.0979843225084,166.0565509518477,130.46920492721165,174.86898208286672,55.61961423241356,False
mienshao,Fighting,,,C:\Users\Newsk\Downloads\pokemon\data\images\mienshao.png,120,120,1.0,RGBA,PNG,5.34375,True,0.8145138888888889,184.83976038936729,173.26806439535756,181.00599026581804,177.61012504679894,51.83002899237221,False
druddigon,Dragon,,,C:\Users\Newsk\Downloads\pokemon\data\images\druddigon.png,120,120,1.0,RGBA,PNG,7.77734375,True,0.6856249999999999,77.70863706648996,110.11287828584051,131.0223105809587,102.80768544289816,49.47607446086448,False
golett,Ground,Ghost,,C:\Users\Newsk\Downloads\pokemon\data\images\golett.png,120,120,1.0,RGBA,PNG,4.3955078125,True,0.8413888888888889,107.76357267950964,149.23073555166374,142.55429071803852,136.0709391418564,47.57467149312616,True
golurk,Ground,Ghost,,C:\Users\Newsk\Downloads\pokemon\data\images\golurk.png,120,120,1.0,RGBA,PNG,10.0244140625,True,0.5685416666666667,117.77402221149204,160.13246418799292,151.17753098342186,146.44642765169803,41.991573813033796,True
pawniard,Dark,Steel,,C:\Users\Newsk\Downloads\pokemon\data\images\pawniard.png,120,120,1.0,RGBA,PNG,3.2392578125,True,0.9019444444444444,136.30382436260624,117.48512747875354,115.16359773371104,122.84726345609066,66.74586719816746,True
bisharp,Dark,Steel,,C:\Users\Newsk\Downloads\pokemon\data\images\bisharp.png,120,120,1.0,RGBA,PNG,4.8173828125,True,0.83375,161.88178780284042,125.78404344193818,119.4093567251462,135.85055472013366,61.65475825857126,True
bouffalant,Normal,,,C:\Users\Newsk\Downloads\pokemon\data\images\bouffalant.png,120,120,1.0,RGBA,PNG,5.5517578125,True,0.6940972222222221,126.51078320090807,110.35573212258797,87.53234960272418,112.5842267877412,53.43047391455378,False
rufflet,Normal,Flying,,C:\Users\Newsk\Downloads\pokemon\data\images\rufflet.png,120,120,1.0,RGBA,PNG,3.2158203125,True,0.8860416666666666,190.91102985984156,184.66422912858013,179.52285191956125,185.94590554539914,65.03032174053305,True
braviary,Normal,Flying,,C:\Users\Newsk\Downloads\pokemon\data\images\braviary.png,120,120,1.0,RGBA,PNG,5.5390625,True,0.7788194444444445,101.88759811616954,89.3563579277865,94.6370486656201,93.70519748822605,56.20199783014913,True
vullaby,Dark,Flying,,C:\Users\Newsk\Downloads\pokemon\data\images\vullaby.png,120,120,1.0,RGBA,PNG,3.6416015625,True,0.8639583333333334,137.9509954058193,121.87697805002553,111.93057682491067,125.54921949974477,61.92304536969975,True
mandibuzz,Dark,Flying,,C:\Users\Newsk\Downloads\pokemon\data\images\mandibuzz.png,120,120,1.0,RGBA,PNG,5.673828125,True,0.785625,151.54745707806933,130.43764172335602,119.1156462585034,135.45876903142212,56.71603327478972,True
heatmor,Fire,,,C:\Users\Newsk\Downloads\pokemon\data\images\heatmor.png,120,120,1.0,RGBA,PNG,5.4638671875,True,0.793125,164.75629405840886,111.24907687143337,81.9718026183283,123.91012554548506,42.850439085793106,False
durant,Bug,Steel,,C:\Users\Newsk\Downloads\pokemon\data\images\durant.png,120,120,1.0,RGBA,PNG,3.09375,True,0.9140277777777778,134.5096930533118,131.0339256865913,131.43295638126008,132.11866962843294,66.70713158288292,True
deino,Dark,Dragon,,C:\Users\Newsk\Downloads\pokemon\data\images\deino.png,120,120,1.0,RGBA,PNG,2.96484375,True,0.8910416666666666,102.87954110898661,106.87189292543022,118.31102613129381,106.98224091778202,36.06162376242928,True
zweilous,Dark,Dragon,,C:\Users\Newsk\Downloads\pokemon\data\images\zweilous.png,120,120,1.0,RGBA,PNG,5.0654296875,True,0.8082638888888889,100.00470843897139,101.25280695400217,109.09199565374864,101.77329300977907,38.446614060246674,True
hydreigon,Dark,Dragon,,C:\Users\Newsk\Downloads\pokemon\data\images\hydreigon.png,120,120,1.0,RGBA,PNG,7.4140625,True,0.7559027777777778,111.83470839260313,97.5593172119488,114.48563300142247,103.75725917496443,43.16689117456882,True
larvesta,Bug,Fire,,C:\Users\Newsk\Downloads\pokemon\data\images\larvesta.png,120,120,1.0,RGBA,PNG,3.7373046875,True,0.8581944444444445,200.90058765915768,180.42556317335945,174.90009794319295,185.91769245837415,71.06370893345269,True
volcarona,Bug,Fire,,C:\Users\Newsk\Downloads\pokemon\data\images\volcarona.png,120,120,1.0,RGBA,PNG,5.1103515625,True,0.7930555555555556,181.696644295302,143.80302013422818,132.3963087248322,153.8328486577181,65.85441530607966,True
cobalion,Steel,Fighting,,C:\Users\Newsk\Downloads\pokemon\data\images\cobalion.png,120,120,1.0,RGBA,PNG,5.31640625,True,0.8004166666666667,111.69311064718163,159.04453723034098,160.63500347947112,145.06777383437716,61.64154205747153,True
terrakion,Rock,Fighting,,C:\Users\Newsk\Downloads\pokemon\data\images\terrakion.png,120,120,1.0,RGBA,PNG,6.86328125,True,0.6625694444444444,152.67009672772176,137.9409343486314,126.3399876517802,141.02244597653836,54.193783663857744,True
virizion,Grass,Fighting,,C:\Users\Newsk\Downloads\pokemon\data\images\virizion.png,120,120,1.0,RGBA,PNG,5.689453125,True,0.8071527777777778,158.7234425639179,178.47929420237668,107.08966510622975,164.43387684551675,43.25186617996559,True
tornadus-incarnate,Flying,,,C:\Users\Newsk\Downloads\pokemon\data\images\tornadus-incarnate.png,120,120,1.0,RGBA,PNG,5.7529296875,True,0.7614583333333333,165.97292576419213,157.989519650655,165.3461426491994,161.21521310043664,58.19965819731364,False
thundurus-incarnate,Electric,Flying,,C:\Users\Newsk\Downloads\pokemon\data\images\thundurus-incarnate.png,120,120,1.0,RGBA,PNG,5.765625,True,0.7665972222222223,153.93900624814043,162.9428741445998,171.4921154418328,161.22533115144302,65.88849350747856,True
reshiram,Dragon,Fire,,C:\Users\Newsk\Downloads\pokemon\data\images\reshiram.png,120,120,1.0,RGBA,PNG,8.529296875,True,0.6747916666666667,201.43070681187274,202.0168695280803,213.39888960068333,203.13915716421099,45.65925567026067,True
zekrom,Dragon,Electric,,C:\Users\Newsk\Downloads\pokemon\data\images\zekrom.png,120,120,1.0,RGBA,PNG,8.0107421875,True,0.6682638888888889,72.31149256855767,85.47686832740213,85.97257693112833,81.59693175633241,39.040392692687895,True
landorus-incarnate,Ground,Flying,,C:\Users\Newsk\Downloads\pokemon\data\images\landorus-incarnate.png,120,120,1.0,RGBA,PNG,5.2998046875,True,0.7648611111111111,182.61872415829887,158.78588304784407,148.32073242764324,164.71887536916714,56.26441638911943,True
kyurem,Dragon,Ice,,C:\Users\Newsk\Downloads\pokemon\data\images\kyurem.png,120,120,1.0,RGBA,PNG,6.4365234375,True,0.7857638888888889,161.54716369529984,177.7743922204214,180.77536466774717,173.26456175040516,53.77961806143842,True
keldeo-ordinary,Water,Fighting,,C:\Users\Newsk\Downloads\pokemon\data\images\keldeo-ordinary.png,120,120,1.0,RGBA,PNG,4.5986328125,True,0.8529861111111111,171.03495512517713,165.5484175720359,153.30987246102976,165.79369815777042,54.84734752588745,True
meloetta-aria,Normal,Psychic,,C:\Users\Newsk\Downloads\pokemon\data\images\meloetta-aria.png,120,120,1.0,RGBA,PNG,3.16015625,True,0.9189583333333333,157.40788346186804,163.51499571550985,146.2853470437018,159.7247892030848,57.2367283731386,True
genesect,Bug,Steel,,C:\Users\Newsk\Downloads\pokemon\data\images\genesect.png,120,120,1.0,RGBA,PNG,5.8466796875,True,0.8084027777777778,157.38238492207321,130.61544037694816,156.76875679594056,141.6002348677057,55.80569835009107,True
chespin,Grass,,,C:\Users\Newsk\Downloads\pokemon\data\images\chespin.png,120,120,1.0,RGBA,PNG,3.822265625,True,0.8890972222222222,164.11396368190356,159.6493425172198,102.20538509705698,154.43565309956168,50.13882704587849,False
quilladin,Grass,,,C:\Users\Newsk\Downloads\pokemon\data\images\quilladin.png,120,120,1.0,RGBA,PNG,4.8525390625,True,0.8269444444444445,146.88081861958267,146.2467897271268,83.17977528089888,139.24672471910114,55.14886213777356,False
chesnaught,Grass,Fighting,,C:\Users\Newsk\Downloads\pokemon\data\images\chesnaught.png,120,120,1.0,RGBA,PNG,9.4345703125,True,0.6566666666666667,170.08373786407768,166.03296925566343,139.67172330097088,164.23896703074433,60.03352672811903,True
fennekin,Fire,,,C:\Users\Newsk\Downloads\pokemon\data\images\fennekin.png,120,120,1.0,RGBA,PNG,3.3466796875,True,0.8915277777777778,214.55121638924456,167.11075544174136,107.95710627400769,174.55193725992316,51.4863765619611,False
braixen,Fire,,,C:\Users\Newsk\Downloads\pokemon\data\images\braixen.png,120,120,1.0,RGBA,PNG,5.1630859375,True,0.8331944444444445,187.61074104912572,151.1119900083264,109.62905911740216,157.29606244796,63.27339930326781,False
delphox,Fire,Psychic,,C:\Users\Newsk\Downloads\pokemon\data\images\delphox.png,120,120,1.0,RGBA,PNG,6.720703125,True,0.6832638888888889,181.42359131769348,106.77461083095812,81.25191843893883,126.18506906380179,46.079609048646816,True
froakie,Water,,,C:\Users\Newsk\Downloads\pokemon\data\images\froakie.png,120,120,1.0,RGBA,PNG,3.2880859375,True,0.8943055555555556,142.67739816031536,186.70499342969777,187.40341655716162,173.62036268068331,51.809570389513866,False
frogadier,Water,,,C:\Users\Newsk\Downloads\pokemon\data\images\frogadier.png,120,120,1.0,RGBA,PNG,3.8955078125,True,0.8852777777777778,115.42191283292978,167.2863196125908,181.1949152542373,153.36444188861984,57.859416429753765,False
greninja,Water,Dark,,C:\Users\Newsk\Downloads\pokemon\data\images\greninja.png,120,120,1.0,RGBA,PNG,5.4443359375,True,0.8160416666666667,121.51944129860324,140.86145715364287,166.08909022272556,137.95414458286143,66.19193759089436,True
bunnelby,Normal,,,C:\Users\Newsk\Downloads\pokemon\data\images\bunnelby.png,120,120,1.0,RGBA,PNG,4.421875,True,0.8388888888888889,167.70172413793102,150.1353448275862,144.0491379310345,154.6938646551724,46.98561920035922,False
diggersby,Normal,Ground,,C:\Users\Newsk\Downloads\pokemon\data\images\diggersby.png,120,120,1.0,RGBA,PNG,6.59765625,True,0.6985416666666666,156.8539507026031,137.4738539507026,107.74061276203639,139.8789133840129,50.00716021178599,True
fletchling,Normal,Flying,,C:\Users\Newsk\Downloads\pokemon\data\images\fletchling.png,120,120,1.0,RGBA,PNG,2.2998046875,True,0.9388194444444444,163.78320090805903,127.43813847900114,115.42565266742338,136.9358887627696,67.35095220346979,True
fletchinder,Fire,Flying,,C:\Users\Newsk\Downloads\pokemon\data\images\fletchinder.png,120,120,1.0,RGBA,PNG,3.666015625,True,0.9030555555555555,153.189111747851,122.7836676217765,103.07163323782235,129.62772349570199,57.107570126248625,True
talonflame,Fire,Flying,,C:\Users\Newsk\Downloads\pokemon\data\images\talonflame.png,120,120,1.0,RGBA,PNG,6.365234375,True,0.8038194444444444,151.849203539823,130.6070796460177,122.34548672566372,136.0166530973451,49.97863658988791,True
scatterbug,Bug,,,C:\Users\Newsk\Downloads\pokemon\data\images\scatterbug.png,120,120,1.0,RGBA,PNG,2.3203125,True,0.9370138888888889,129.46196251378169,129.68467475192944,127.57001102535833,129.37701212789415,54.00793502270395,False
spewpa,Bug,,,C:\Users\Newsk\Downloads\pokemon\data\images\spewpa.png,120,120,1.0,RGBA,PNG,2.25390625,True,0.9170833333333334,186.04690117252932,181.26968174204356,175.31658291457288,182.0194170854271,72.01763861970694,False
vivillon,Bug,Flying,,C:\Users\Newsk\Downloads\pokemon\data\images\vivillon.png,120,120,1.0,RGBA,PNG,7.896484375,True,0.6259722222222222,169.40976606015596,107.64389157073896,135.88785740809507,129.33170014853323,52.64348873240465,True
litleo,Fire,Normal,,C:\Users\Newsk\Downloads\pokemon\data\images\litleo.png,120,120,1.0,RGBA,PNG,3.65234375,True,0.8745833333333333,157.40254706533776,136.39424141749723,114.82281284606866,140.21658194905868,53.37988476671051,True
pyroar,Fire,Normal,,C:\Users\Newsk\Downloads\pokemon\data\images\pyroar.png,120,120,1.0,RGBA,PNG,6.1650390625,True,0.7403472222222223,198.70607114201658,122.47633056967103,89.43380583043594,141.50217518052955,45.91328939774711,True
flabebe,Fairy,,,C:\Users\Newsk\Downloads\pokemon\data\images\flabebe.png,120,120,1.0,RGBA,PNG,3.6201171875,True,0.899513888888889,176.86731167933655,153.68348306841742,131.66413268832068,158.1052418797512,57.86106499441934,False
floette,Fairy,,,C:\Users\Newsk\Downloads\pokemon\data\images\floette.png,120,120,1.0,RGBA,PNG,4.1044921875,True,0.9029861111111112,162.7916964924839,161.83392984967787,142.5025053686471,159.91651968503936,61.992257605340924,False
florges,Fairy,,,C:\Users\Newsk\Downloads\pokemon\data\images\florges.png,120,120,1.0,RGBA,PNG,6.7041015625,True,0.794375,138.83789260385004,141.46268152651132,135.85545423843297,140.03864572779466,44.97356895806535,False
skiddo,Grass,,,C:\Users\Newsk\Downloads\pokemon\data\images\skiddo.png,120,120,1.0,RGBA,PNG,4.0126953125,True,0.8691666666666666,128.4156050955414,141.80467091295117,128.22664543524417,136.25344532908704,60.528597852766744,False
gogoat,Grass,,,C:\Users\Newsk\Downloads\pokemon\data\images\gogoat.png,120,120,1.0,RGBA,PNG,5.5732421875,True,0.809375,128.08488160291438,143.57704918032786,125.20983606557377,136.85102877959926,56.85022893975246,False
pancham,Fighting,,,C:\Users\Newsk\Downloads\pokemon\data\images\pancham.png,120,120,1.0,RGBA,PNG,3.044921875,True,0.8920833333333333,148.34942084942085,149.4086229086229,136.75032175032175,147.64887516087515,82.24065456462911,False
pangoro,Fighting,Dark,,C:\Users\Newsk\Downloads\pokemon\data\images\pangoro.png,120,120,1.0,RGBA,PNG,6.662109375,True,0.6741666666666667,125.60635123614664,126.63746803069054,122.77962489343564,125.88936999147484,61.84161403740893,True
furfrou,Normal,,,C:\Users\Newsk\Downloads\pokemon\data\images\furfrou.png,120,120,1.0,RGBA,PNG,4.2509765625,True,0.8375694444444445,209.3946130825139,205.0765284309534,195.40444634459172,205.26501838392477,53.74222814162459,False
espurr,Psychic,,,C:\Users\Newsk\Downloads\pokemon\data\images\espurr.png,120,120,1.0,RGBA,PNG,3.0849609375,True,0.8936111111111111,164.11684073107048,163.177545691906,185.53198433420366,166.0068009138381,36.15669877466921,False
meowstic-male,Psychic,,,C:\Users\Newsk\Downloads\pokemon\data\images\meowstic-male.png,120,120,1.0,RGBA,PNG,4.2490234375,True,0.8529861111111111,106.72933396315541,142.05904581955596,161.2153991497402,133.6792862541332,65.30161671986332,False
honedge,Steel,Ghost,,C:\Users\Newsk\Downloads\pokemon\data\images\honedge.png,120,120,1.0,RGBA,PNG,4.3369140625,True,0.8663194444444444,125.95636363636363,148.89298701298702,147.42077922077922,141.86710493506493,54.022783685427534,True
doublade,Steel,Ghost,,C:\Users\Newsk\Downloads\pokemon\data\images\doublade.png,120,120,1.0,RGBA,PNG,6.1865234375,True,0.8025694444444444,178.49314104818853,152.49349278930708,152.66549419627154,160.2869957791066,52.60350555652176,True
aegislash-blade,Steel,Ghost,,C:\Users\Newsk\Downloads\pokemon\data\images\aegislash-blade.png,120,120,1.0,RGBA,PNG,5.6728515625,True,0.8077777777777778,161.41473988439307,149.63439306358381,125.66329479768787,150.42401156069366,59.0334512001239,True
spritzee,Fairy,,,C:\Users\Newsk\Downloads\pokemon\data\images\spritzee.png,120,120,1.0,RGBA,PNG,2.5146484375,True,0.9220138888888889,198.8165627782725,159.80854853072128,172.2813891362422,172.89384861976848,57.430222248826944,False
aromatisse,Fairy,,,C:\Users\Newsk\Downloads\pokemon\data\images\aromatisse.png,120,120,1.0,RGBA,PNG,5.2431640625,True,0.7979861111111111,202.09281540048127,138.77724303884497,161.69852182880715,160.3216249570299,47.77652759148406,False
swirlix,Fairy,,,C:\Users\Newsk\Downloads\pokemon\data\images\swirlix.png,120,120,1.0,RGBA,PNG,2.396484375,True,0.891875,225.47848426461144,218.28131021194605,221.78612716763007,220.83281438664096,37.388360983240155,False
slurpuff,Fairy,,,C:\Users\Newsk\Downloads\pokemon\data\images\slurpuff.png,120,120,1.0,RGBA,PNG,3.6904296875,True,0.8204166666666667,220.92034029389018,191.2525135344161,199.1214230471771,201.0202494199536,44.22119804992464,False
inkay,Dark,Psychic,,C:\Users\Newsk\Downloads\pokemon\data\images\inkay.png,120,120,1.0,RGBA,PNG,2.611328125,True,0.9155555555555556,180.73190789473685,178.9909539473684,191.76644736842104,180.9679054276316,51.55862263388213,True
malamar,Dark,Psychic,,C:\Users\Newsk\Downloads\pokemon\data\images\malamar.png,120,120,1.0,RGBA,PNG,6.244140625,True,0.7796527777777778,164.0690198550268,175.78064922786007,192.29561928774032,174.16157863220926,44.68459195331822,True
binacle,Rock,Water,,C:\Users\Newsk\Downloads\pokemon\data\images\binacle.png,120,120,1.0,RGBA,PNG,4.66796875,True,0.8495138888888889,164.15920627595756,162.68850946008305,144.88094139363176,161.09818504845407,56.30119504615915,True
barbaracle,Rock,Water,,C:\Users\Newsk\Downloads\pokemon\data\images\barbaracle.png,120,120,1.0,RGBA,PNG,9.3779296875,True,0.6867361111111111,151.63511416537352,147.51252493903792,134.951673686544,147.31324207492793,66.26840406452435,True
skrelp,Poison,Water,,C:\Users\Newsk\Downloads\pokemon\data\images\skrelp.png,120,120,1.0,RGBA,PNG,2.9365234375,True,0.9273611111111111,151.70267686424475,120.90917782026769,124.07074569789675,130.47685277246654,48.106084255517764,True
dragalge,Poison,Dragon,,C:\Users\Newsk\Downloads\pokemon\data\images\dragalge.png,120,120,1.0,RGBA,PNG,6.265625,True,0.8311805555555556,160.84204031262854,118.11846976552859,116.87782805429865,130.75138420403127,43.03843793880922,True
clauncher,Water,,,C:\Users\Newsk\Downloads\pokemon\data\images\clauncher.png,120,120,1.0,RGBA,PNG,2.8544921875,True,0.9222916666666666,136.95889186773906,186.1823056300268,189.6425379803396,171.85897140303842,49.77205872574495,False
clawitzer,Water,,,C:\Users\Newsk\Downloads\pokemon\data\images\clawitzer.png,120,120,1.0,RGBA,PNG,6.4033203125,True,0.7572916666666667,99.47181688125895,139.36938483547925,170.19599427753934,130.9542454935622,46.389755298614595,False
helioptile,Electric,Normal,,C:\Users\Newsk\Downloads\pokemon\data\images\helioptile.png,120,120,1.0,RGBA,PNG,3.3505859375,True,0.8942361111111111,164.17005909389363,161.5732107682206,116.38214051214707,157.19788640840446,60.674499121057174,True
heliolisk,Electric,Normal,,C:\Users\Newsk\Downloads\pokemon\data\images\heliolisk.png,120,120,1.0,RGBA,PNG,3.81640625,True,0.8874305555555555,168.99383096853794,151.77976557680444,103.64713140037014,151.43965083281924,58.31622081091247,True
tyrunt,Rock,Dragon,,C:\Users\Newsk\Downloads\pokemon\data\images\tyrunt.png,120,120,1.0,RGBA,PNG,4.3955078125,True,0.8433333333333333,131.87367021276594,114.21985815602837,107.51551418439716,118.73405274822694,52.51307377214314,True
tyrantrum,Rock,Dragon,,C:\Users\Newsk\Downloads\pokemon\data\images\tyrantrum.png,120,120,1.0,RGBA,PNG,8.1884765625,True,0.6828472222222222,160.87584847821327,128.61944383621633,123.70987519159185,137.70441799868624,62.77554734775975,True
amaura,Rock,Ice,,C:\Users\Newsk\Downloads\pokemon\data\images\amaura.png,120,120,1.0,RGBA,PNG,3.18359375,True,0.891875,163.46371226718048,196.36929993577394,208.2562620423892,187.88564290301863,39.50698255910959,True
aurorus,Rock,Ice,,C:\Users\Newsk\Downloads\pokemon\data\images\aurorus.png,120,120,1.0,RGBA,PNG,4.9462890625,True,0.7892361111111111,174.1314662273476,194.7657331136738,206.52652388797364,189.93681746293245,45.16712965498405,True
sylveon,Fairy,,,C:\Users\Newsk\Downloads\pokemon\data\images\sylveon.png,120,120,1.0,RGBA,PNG,4.458984375,True,0.8525,207.77118644067798,185.00047080979283,195.5710922787194,193.0139656308851,45.96101010538183,False
hawlucha,Fighting,Flying,,C:\Users\Newsk\Downloads\pokemon\data\images\hawlucha.png,120,120,1.0,RGBA,PNG,5.1474609375,True,0.8311805555555556,145.7058823529412,153.89345948169478,135.7239819004525,149.37405347593585,58.57890744078807,True
dedenne,Electric,Fairy,,C:\Users\Newsk\Downloads\pokemon\data\images\dedenne.png,120,120,1.0,RGBA,PNG,3.3447265625,True,0.9006944444444445,164.72727272727272,143.42377622377623,96.03286713286714,144.39095804195804,69.93201087759634,True
carbink,Rock,Fairy,,C:\Users\Newsk\Downloads\pokemon\data\images\carbink.png,120,120,1.0,RGBA,PNG,2.7548828125,True,0.9005555555555556,142.14664804469274,146.0391061452514,164.67877094972067,147.00018296089385,60.01554714254033,True
goomy,Dragon,,,C:\Users\Newsk\Downloads\pokemon\data\images\goomy.png,120,120,1.0,RGBA,PNG,2.1904296875,True,0.9206944444444445,198.88528896672506,188.41418563922943,210.70665499124343,194.08638704028021,35.259368334147084,False
sliggoo,Dragon,,,C:\Users\Newsk\Downloads\pokemon\data\images\sliggoo.png,120,120,1.0,RGBA,PNG,3.5302734375,True,0.8893055555555556,197.00250941028858,183.40150564617315,207.31493099121707,190.19433626097867,41.95693113860317,False
goodra,Dragon,,,C:\Users\Newsk\Downloads\pokemon\data\images\goodra.png,120,120,1.0,RGBA,PNG,4.998046875,True,0.8072222222222223,197.09546109510086,182.2456772334294,207.75036023054756,189.59329646974064,40.660660467337856,False
klefki,Steel,Fairy,,C:\Users\Newsk\Downloads\pokemon\data\images\klefki.png,120,120,1.0,RGBA,PNG,3.8603515625,True,0.9082638888888889,168.3012869038607,162.73580620741862,155.4784254352763,163.5725435276306,53.37017716041942,True
phantump,Ghost,Grass,,C:\Users\Newsk\Downloads\pokemon\data\images\phantump.png,120,120,1.0,RGBA,PNG,3.4921875,True,0.89,113.34785353535354,107.55429292929293,94.47916666666667,107.79600315656565,46.24767426361622,True
trevenant,Ghost,Grass,,C:\Users\Newsk\Downloads\pokemon\data\images\trevenant.png,120,120,1.0,RGBA,PNG,8.2783203125,True,0.7317361111111111,118.95935801190784,120.69091379756665,99.62231426352575,117.771358270774,40.15090814061643,True
pumpkaboo-average,Ghost,Grass,,C:\Users\Newsk\Downloads\pokemon\data\images\pumpkaboo-average.png,120,120,1.0,RGBA,PNG,2.5673828125,True,0.9127083333333333,140.96579156722356,106.82736674622116,88.81463802704853,114.9813046937152,45.29845989939615,True
gourgeist-average,Ghost,Grass,,C:\Users\Newsk\Downloads\pokemon\data\images\gourgeist-average.png,120,120,1.0,RGBA,PNG,3.9833984375,True,0.8539583333333334,177.09652876842605,137.31906799809795,108.33761293390394,145.90864289110795,61.90144825806917,True
bergmite,Ice,,,C:\Users\Newsk\Downloads\pokemon\data\images\bergmite.png,120,120,1.0,RGBA,PNG,2.732421875,True,0.9,176.0715277777778,212.91041666666666,225.62708333333333,203.34528888888886,38.89178860819236,False
avalugg,Ice,,,C:\Users\Newsk\Downloads\pokemon\data\images\avalugg.png,120,120,1.0,RGBA,PNG,6.4931640625,True,0.7181944444444445,140.6084277969443,185.67767373090192,212.0179891572203,175.20476515524888,40.31855530681111,False
noibat,Flying,Dragon,,C:\Users\Newsk\Downloads\pokemon\data\images\noibat.png,120,120,1.0,RGBA,PNG,3.9921875,True,0.8920138888888889,165.65852090032155,136.9273311897106,163.16077170418006,148.5085691318328,55.58147148175129,True
noivern,Flying,Dragon,,C:\Users\Newsk\Downloads\pokemon\data\images\noivern.png,120,120,1.0,RGBA,PNG,5.4541015625,True,0.8486111111111111,99.4954128440367,113.77706422018349,119.25366972477065,110.13118348623853,54.46772355807942,True
xerneas,Fairy,,,C:\Users\Newsk\Downloads\pokemon\data\images\xerneas.png,120,120,1.0,RGBA,PNG,7.75,True,0.7973611111111111,152.7254969156957,147.56888279643593,139.4643591501028,148.18679472241263,58.18022397126141,False
yveltal,Dark,Flying,,C:\Users\Newsk\Downloads\pokemon\data\images\yveltal.png,120,120,1.0,RGBA,PNG,8.5048828125,True,0.6820833333333334,101.65093927479249,69.97619047619048,76.44058540847531,80.18388138925295,52.24352671377082,True
zygarde-50,Dragon,Ground,,C:\Users\Newsk\Downloads\pokemon\data\images\zygarde-50.png,120,120,1.0,RGBA,PNG,7.43359375,True,0.7189583333333334,105.00296515937731,116.0429948109711,72.61798863355573,107.7915752409192,63.12016850023538,True
diancie,Rock,Fairy,,C:\Users\Newsk\Downloads\pokemon\data\images\diancie.png,120,120,1.0,RGBA,PNG,4.4697265625,True,0.8525,172.72128060263654,147.8069679849341,169.47128060263654,157.7260790960452,59.50918983847766,True
hoopa-confined,Psychic,Ghost,,C:\Users\Newsk\Downloads\pokemon\data\images\hoopa-confined.png,120,120,1.0,RGBA,PNG,4.716796875,True,0.8542361111111111,191.91329204383038,154.8632682229633,142.94807050976655,164.58289280609813,43.973449200351936,True
volcanion,Fire,Water,,C:\Users\Newsk\Downloads\pokemon\data\images\volcanion.png,120,120,1.0,RGBA,PNG,7.515625,True,0.7288194444444445,174.8676056338028,103.2135723431498,94.45556978233034,123.63971600512164,38.909603191096885,True
rowlet,Grass,Flying,,C:\Users\Newsk\Downloads\pokemon\data\images\rowlet.png,120,120,1.0,RGBA,PNG,3.8759765625,True,0.9296527777777778,172.81342546890426,170.23692003948668,148.45212240868707,168.52382823297137,38.84887974248312,True
dartrix,Grass,Flying,,C:\Users\Newsk\Downloads\pokemon\data\images\dartrix.png,120,120,1.0,RGBA,PNG,6.205078125,True,0.8859027777777778,177.48813146682897,168.0249543517955,150.26597687157638,168.8299208764455,45.92346671632172,True
decidueye,Grass,Ghost,,C:\Users\Newsk\Downloads\pokemon\data\images\decidueye.png,120,120,1.0,RGBA,PNG,11.3447265625,True,0.7577777777777778,179.01949541284404,175.5172018348624,141.87700688073394,172.72940538990824,42.09478366040065,True
litten,Fire,,,C:\Users\Newsk\Downloads\pokemon\data\images\litten.png,120,120,1.0,RGBA,PNG,3.681640625,True,0.9334027777777778,132.04379562043795,105.33576642335767,97.92075078206464,112.47615537017725,49.91095141371021,False
torracat,Fire,,,C:\Users\Newsk\Downloads\pokemon\data\images\torracat.png,120,120,1.0,RGBA,PNG,6.953125,True,0.8609722222222222,143.3131868131868,99.46103896103897,78.10539460539461,110.1382877122877,47.1206070723974,False
incineroar,Fire,Dark,,C:\Users\Newsk\Downloads\pokemon\data\images\incineroar.png,120,120,1.0,RGBA,PNG,11.0703125,True,0.7648611111111111,159.4140578854105,92.26698168930892,82.8402244536326,111.26930714707619,43.883263774640085,True
popplio,Water,,,C:\Users\Newsk\Downloads\pokemon\data\images\popplio.png,120,120,1.0,RGBA,PNG,3.9716796875,True,0.9254166666666667,134.4413407821229,156.83798882681563,195.43296089385476,154.54121787709494,40.72372862652384,False
brionne,Water,,,C:\Users\Newsk\Downloads\pokemon\data\images\brionne.png,120,120,1.0,RGBA,PNG,6.0595703125,True,0.8889583333333333,161.06003752345217,203.13696060037523,212.3821138211382,191.60990806754222,31.355026574707548,False
primarina,Water,Fairy,,C:\Users\Newsk\Downloads\pokemon\data\images\primarina.png,120,120,1.0,RGBA,PNG,13.9423828125,True,0.706388888888889,125.9344843897824,164.73391674550615,199.6802270577105,157.11676584673603,53.82882585730011,True
pikipek,Normal,Flying,,C:\Users\Newsk\Downloads\pokemon\data\images\pikipek.png,120,120,1.0,RGBA,PNG,2.357421875,True,0.9622916666666667,148.53591160220995,127.72007366482505,124.3609576427256,133.56106998158378,49.56749434440457,True
trumbeak,Normal,Flying,,C:\Users\Newsk\Downloads\pokemon\data\images\trumbeak.png,120,120,1.0,RGBA,PNG,5.4345703125,True,0.9013194444444445,130.56509500351865,125.77269528501056,124.6826178747361,127.08135397607319,50.57918633114261,True
toucannon,Normal,Flying,,C:\Users\Newsk\Downloads\pokemon\data\images\toucannon.png,120,120,1.0,RGBA,PNG,9.6015625,True,0.790625,139.23747927031508,120.84908789386401,108.44643449419569,124.93331442786068,52.9984909027743,True
yungoos,Normal,,,C:\Users\Newsk\Downloads\pokemon\data\images\yungoos.png,120,120,1.0,RGBA,PNG,4.857421875,True,0.8983333333333333,183.99590163934425,157.2704918032787,124.77732240437159,161.55716803278688,45.6229112241579,False
gumshoos,Normal,,,C:\Users\Newsk\Downloads\pokemon\data\images\gumshoos.png,120,120,1.0,RGBA,PNG,7.0751953125,True,0.8411111111111111,173.40646853146853,159.28846153846155,120.13854895104895,159.0466555944056,48.35288236558092,False
grubbin,Bug,,,C:\Users\Newsk\Downloads\pokemon\data\images\grubbin.png,120,120,1.0,RGBA,PNG,3.294921875,True,0.9375,193.12444444444444,177.27555555555554,154.11666666666667,179.37426,39.82795709860042,False
charjabug,Bug,Electric,,C:\Users\Newsk\Downloads\pokemon\data\images\charjabug.png,120,120,1.0,RGBA,PNG,5.095703125,True,0.8765277777777778,115.92294713160855,137.0236220472441,93.19910011248594,125.71852474690662,39.66673715331266,True
vikavolt,Bug,Electric,,C:\Users\Newsk\Downloads\pokemon\data\images\vikavolt.png,120,120,1.0,RGBA,PNG,8.5830078125,True,0.8336805555555555,105.07014613778706,137.81503131524008,137.47640918580376,127.98570772442588,52.09551211495255,True
crabrawler,Fighting,,,C:\Users\Newsk\Downloads\pokemon\data\images\crabrawler.png,120,120,1.0,RGBA,PNG,6.7421875,True,0.8631944444444444,119.45329949238578,145.55786802030457,165.6984771573604,140.0486314720812,45.22979653165205,False
crabominable,Fighting,Ice,,C:\Users\Newsk\Downloads\pokemon\data\images\crabominable.png,120,120,1.0,RGBA,PNG,14.056640625,True,0.7301388888888889,142.9632012352033,155.44493051981473,174.54194544518785,153.88995316520845,45.961300035654354,True
oricorio-baile,Fire,Flying,,C:\Users\Newsk\Downloads\pokemon\data\images\oricorio-baile.png,120,120,1.0,RGBA,PNG,5.96875,True,0.8797916666666666,179.79607163489314,97.18082033506643,109.38879260543038,123.2744893125361,39.186581659716495,True
cutiefly,Bug,Fairy,,C:\Users\Newsk\Downloads\pokemon\data\images\cutiefly.png,120,120,1.0,RGBA,PNG,3.0791015625,True,0.9530555555555555,177.2662721893491,172.6153846153846,150.2810650887574,171.4598875739645,48.44334322183049,True
ribombee,Bug,Fairy,,C:\Users\Newsk\Downloads\pokemon\data\images\ribombee.png,120,120,1.0,RGBA,PNG,6.6240234375,True,0.8746527777777777,183.1939058171745,174.99556786703602,159.5623268698061,175.68748144044324,52.311928322984286,True
rockruff,Rock,,,C:\Users\Newsk\Downloads\pokemon\data\images\rockruff.png,120,120,1.0,RGBA,PNG,4.662109375,True,0.9116666666666666,179.46147798742138,158.40880503144655,150.32232704402514,163.78169575471696,39.926399101925924,False
lycanroc-midday,Rock,,,C:\Users\Newsk\Downloads\pokemon\data\images\lycanroc-midday.png,120,120,1.0,RGBA,PNG,6.1103515625,True,0.8975,179.1808943089431,171.02235772357724,165.38685636856368,172.81931300813005,47.639638203703896,False
wishiwashi-solo,Water,,,C:\Users\Newsk\Downloads\pokemon\data\images\wishiwashi-solo.png,120,120,1.0,RGBA,PNG,2.62890625,True,0.9581944444444445,161.11129568106313,174.18272425249168,187.7906976744186,171.82567607973422,36.23064269307426,False
mareanie,Poison,Water,,C:\Users\Newsk\Downloads\pokemon\data\images\mareanie.png,120,120,1.0,RGBA,PNG,5.16015625,True,0.8927777777777778,156.00841968911917,180.4151554404145,190.10427461139898,174.2221010362694,39.7586555177833,True
toxapex,Poison,Water,,C:\Users\Newsk\Downloads\pokemon\data\images\toxapex.png,120,120,1.0,RGBA,PNG,11.7587890625,True,0.7409027777777778,139.42187081211472,151.73009916912355,161.8115786652372,149.19922755293487,53.58597597123289,True
mudbray,Ground,,,C:\Users\Newsk\Downloads\pokemon\data\images\mudbray.png,120,120,1.0,RGBA,PNG,5.685546875,True,0.8879861111111111,163.9318040917545,140.09485430874147,128.63484190948543,145.91566088034716,44.18350058703954,False
mudsdale,Ground,,,C:\Users\Newsk\Downloads\pokemon\data\images\mudsdale.png,120,120,1.0,RGBA,PNG,10.27734375,True,0.7619444444444444,152.49912485414237,110.82555425904317,98.37397899649942,121.86647228704784,38.92013592214048,False
dewpider,Water,Bug,,C:\Users\Newsk\Downloads\pokemon\data\images\dewpider.png,120,120,1.0,RGBA,PNG,3.458984375,True,0.93625,142.380174291939,162.97058823529412,146.43355119825708,154.9288322440087,44.45526436883012,True
araquanid,Water,Bug,,C:\Users\Newsk\Downloads\pokemon\data\images\araquanid.png,120,120,1.0,RGBA,PNG,10.4130859375,True,0.7710416666666666,160.398847437064,180.5793145283591,175.06035790112225,173.91619381255686,45.989899267401825,True
fomantis,Grass,,,C:\Users\Newsk\Downloads\pokemon\data\images\fomantis.png,120,120,1.0,RGBA,PNG,3.1669921875,True,0.9406944444444445,155.71896955503513,177.31733021077284,168.38407494145198,169.84102927400468,37.149027570623396,False
lurantis,Grass,,,C:\Users\Newsk\Downloads\pokemon\data\images\lurantis.png,120,120,1.0,RGBA,PNG,9.2431640625,True,0.8148611111111111,206.20180045011253,156.463615903976,164.96474118529633,172.30446136534133,34.07204082683075,False
morelull,Grass,Fairy,,C:\Users\Newsk\Downloads\pokemon\data\images\morelull.png,120,120,1.0,RGBA,PNG,3.4755859375,True,0.9403472222222222,191.60651920838183,176.8626309662398,182.58207217694994,181.9230698486612,37.728254279271404,True
shiinotic,Grass,Fairy,,C:\Users\Newsk\Downloads\pokemon\data\images\shiinotic.png,120,120,1.0,RGBA,PNG,10.947265625,True,0.7417361111111112,184.23742941650983,174.0077977951062,153.0494756655015,174.67720892713092,28.945598604557127,True
salandit,Poison,Fire,,C:\Users\Newsk\Downloads\pokemon\data\images\salandit.png,120,120,1.0,RGBA,PNG,4.419921875,True,0.9126388888888889,109.01828298887122,106.55007949125596,107.44912559618442,107.39056359300476,42.543517822574614,True
salazzle,Poison,Fire,,C:\Users\Newsk\Downloads\pokemon\data\images\salazzle.png,120,120,1.0,RGBA,PNG,6.798828125,True,0.8685416666666667,121.47279450607502,113.33861595351294,122.8742736397253,116.85780031695721,43.5859936372972,True
stufful,Normal,Fighting,,C:\Users\Newsk\Downloads\pokemon\data\images\stufful.png,120,120,1.0,RGBA,PNG,3.9208984375,True,0.9275694444444444,174.3777564717162,143.248322147651,142.6567593480345,152.48858485139021,53.883770543939015,True
bewear,Normal,Fighting,,C:\Users\Newsk\Downloads\pokemon\data\images\bewear.png,120,120,1.0,RGBA,PNG,8.31640625,True,0.7924305555555555,128.5784543325527,117.97156239544998,116.5265975242556,120.97829708932753,59.568469784574845,True
bounsweet,Grass,,,C:\Users\Newsk\Downloads\pokemon\data\images\bounsweet.png,120,120,1.0,RGBA,PNG,2.68359375,True,0.9477083333333334,193.15139442231074,177.04249667994688,157.69986719787516,179.65399734395749,44.519141219587866,False
steenee,Grass,,,C:\Users\Newsk\Downloads\pokemon\data\images\steenee.png,120,120,1.0,RGBA,PNG,5.84375,True,0.8934027777777778,187.29381107491858,191.99218241042345,162.00781758957655,187.16915179153094,39.15516700488221,False
tsareena,Grass,,,C:\Users\Newsk\Downloads\pokemon\data\images\tsareena.png,120,120,1.0,RGBA,PNG,10.126953125,True,0.7858333333333334,180.21984435797665,178.4993514915694,145.19811932555123,175.2174383916991,43.433684800800144,False
comfey,Fairy,,,C:\Users\Newsk\Downloads\pokemon\data\images\comfey.png,120,120,1.0,RGBA,PNG,9.4814453125,True,0.8030555555555555,204.25,178.93441466854725,131.05853314527502,181.04592418899858,36.35006112406272,False
oranguru,Normal,Psychic,,C:\Users\Newsk\Downloads\pokemon\data\images\oranguru.png,120,120,1.0,RGBA,PNG,8.0810546875,True,0.8415972222222222,139.45243314335818,151.86628671635248,151.42086804033318,148.10376676896095,44.06102403637117,True
passimian,Fighting,,,C:\Users\Newsk\Downloads\pokemon\data\images\passimian.png,120,120,1.0,RGBA,PNG,8.36328125,True,0.8367361111111111,149.62569119523607,155.80263717566993,136.8940876222884,151.8001556784347,55.96389713677418,False
wimpod,Bug,Water,,C:\Users\Newsk\Downloads\pokemon\data\images\wimpod.png,120,120,1.0,RGBA,PNG,3.720703125,True,0.9322916666666666,163.24307692307693,158.4451282051282,161.73128205128205,160.25433641025643,39.25594235812285,True
golisopod,Bug,Water,,C:\Users\Newsk\Downloads\pokemon\data\images\golisopod.png,120,120,1.0,RGBA,PNG,13.8671875,True,0.7269444444444444,155.98906408952186,164.3880976602238,160.11088504577822,161.38918438453712,46.71606999479652,True
sandygast,Ghost,Ground,,C:\Users\Newsk\Downloads\pokemon\data\images\sandygast.png,120,120,1.0,RGBA,PNG,3.2919921875,True,0.9340277777777778,181.2915789473684,176.59473684210528,155.8136842105263,175.63005263157896,43.6560836638687,True
palossand,Ghost,Ground,,C:\Users\Newsk\Downloads\pokemon\data\images\palossand.png,120,120,1.0,RGBA,PNG,8.1552734375,True,0.7922222222222222,215.2907754010695,179.94786096256684,138.58957219251337,185.80054745989304,37.74273900006497,True
pyukumuku,Water,,,C:\Users\Newsk\Downloads\pokemon\data\images\pyukumuku.png,120,120,1.0,RGBA,PNG,2.7373046875,True,0.9438194444444444,113.61433868974042,93.98145859085291,103.09888751545117,100.89107663782448,46.26850550234553,False
type-null,Normal,,,C:\Users\Newsk\Downloads\pokemon\data\images\type-null.png,120,120,1.0,RGBA,PNG,9.798828125,True,0.7957638888888889,127.46004760285616,122.05610336620197,116.940836450187,123.08874226453587,45.94663455278504,False
silvally,Normal,,,C:\Users\Newsk\Downloads\pokemon\data\images\silvally.png,120,120,1.0,RGBA,PNG,10.1982421875,True,0.7954861111111111,132.60509337860782,136.38505942275043,139.6855687606112,135.6311076400679,65.65441828391505,False
minior-meteor,Rock,Flying,,C:\Users\Newsk\Downloads\pokemon\data\images\minior-meteor.png,120,120,1.0,RGBA,PNG,3.416015625,True,0.9311111111111111,125.51612903225806,107.64112903225806,107.30645161290323,112.9476008064516,42.39793706603617,True
komala,Normal,,,C:\Users\Newsk\Downloads\pokemon\data\images\komala.png,120,120,1.0,RGBA,PNG,4.5703125,True,0.906875,160.3012677106637,161.89410887397466,160.65324384787473,161.27639075316927,41.94408018041867,False
turtonator,Fire,Dragon,,C:\Users\Newsk\Downloads\pokemon\data\images\turtonator.png,120,120,1.0,RGBA,PNG,8.3486328125,True,0.8238194444444444,172.48758376034687,126.22940480882933,104.92274339771383,137.6316409144659,46.94161939619465,True
togedemaru,Electric,Steel,,C:\Users\Newsk\Downloads\pokemon\data\images\togedemaru.png,120,120,1.0,RGBA,PNG,3.21484375,True,0.9500694444444444,194.2489568845619,194.54659248956884,181.53963838664814,192.9748066759388,33.929325410389055,True
mimikyu,Ghost,Fairy,,C:\Users\Newsk\Downloads\pokemon\data\images\mimikyu.png,120,120,1.0,RGBA,PNG,4.2412109375,True,0.9175,187.07154882154882,181.42508417508418,150.48316498316498,179.58599831649832,52.82311122094763,True
bruxish,Water,Psychic,,C:\Users\Newsk\Downloads\pokemon\data\images\bruxish.png,120,120,1.0,RGBA,PNG,5.4423828125,True,0.8885416666666667,182.83613707165108,152.70467289719628,170.6093457943925,163.75511339563863,36.613782793429884,True
drampa,Normal,Dragon,,C:\Users\Newsk\Downloads\pokemon\data\images\drampa.png,120,120,1.0,RGBA,PNG,7.5673828125,True,0.8549305555555555,169.0909526089038,186.39971278123505,169.86596457635233,179.33954619435139,37.15729399372663,True
dhelmise,Ghost,Grass,,C:\Users\Newsk\Downloads\pokemon\data\images\dhelmise.png,120,120,1.0,RGBA,PNG,9.2802734375,True,0.8105555555555556,96.23313782991202,131.4358504398827,113.40285923753666,118.85447837243402,43.32806329801918,True
jangmo-o,Dragon,,,C:\Users\Newsk\Downloads\pokemon\data\images\jangmo-o.png,120,120,1.0,RGBA,PNG,3.7763671875,True,0.9327083333333334,175.92879256965944,174.33539731682146,151.38080495356039,172.19499896800826,49.862785357010885,False
hakamo-o,Dragon,Fighting,,C:\Users\Newsk\Downloads\pokemon\data\images\hakamo-o.png,120,120,1.0,RGBA,PNG,6.53515625,True,0.8711111111111112,158.11584051724137,155.88523706896552,136.4832974137931,154.34036637931035,44.20337751822572,True
kommo-o,Dragon,Fighting,,C:\Users\Newsk\Downloads\pokemon\data\images\kommo-o.png,120,120,1.0,RGBA,PNG,11.681640625,True,0.7511805555555555,144.30114429249232,140.1808540329333,123.16327100195367,139.47281635500977,39.45703319383904,True
tapu-koko,Electric,Fairy,,C:\Users\Newsk\Downloads\pokemon\data\images\tapu-koko.png,120,120,1.0,RGBA,PNG,10.82421875,True,0.7758333333333334,170.60315985130111,149.1741016109046,82.11276332094177,147.93639745972737,57.76220142136066,True
tapu-lele,Psychic,Fairy,,C:\Users\Newsk\Downloads\pokemon\data\images\tapu-lele.png,120,120,1.0,RGBA,PNG,6.302734375,True,0.8745833333333333,174.4590254706534,119.9828349944629,130.6578073089701,137.4881627906977,44.15246072820357,True
tapu-bulu,Grass,Fairy,,C:\Users\Newsk\Downloads\pokemon\data\images\tapu-bulu.png,120,120,1.0,RGBA,PNG,9.857421875,True,0.7904166666666667,161.3585155732273,119.51722995361166,92.03711066931743,128.8950407554672,49.56752942111583,True
tapu-fini,Water,Fairy,,C:\Users\Newsk\Downloads\pokemon\data\images\tapu-fini.png,120,120,1.0,RGBA,PNG,7.5869140625,True,0.8477777777777777,125.20118613138686,118.78740875912409,153.92335766423358,124.71062636861313,46.519427794748495,True
cosmog,Psychic,,,C:\Users\Newsk\Downloads\pokemon\data\images\cosmog.png,120,120,1.0,RGBA,PNG,4.181640625,True,0.9184027777777778,106.74893617021277,132.20851063829787,174.6587234042553,129.43542212765956,47.016716895567875,False
cosmoem,Psychic,,,C:\Users\Newsk\Downloads\pokemon\data\images\cosmoem.png,120,120,1.0,RGBA,PNG,6.21875,True,0.8710416666666667,170.6505115778137,166.39526117393646,119.77490576198169,162.3528605277329,62.86457213331726,False
solgaleo,Psychic,Steel,,C:\Users\Newsk\Downloads\pokemon\data\images\solgaleo.png,120,120,1.0,RGBA,PNG,15.2607421875,True,0.694236111111111,182.87871905518963,181.02543720190778,171.78287531228708,180.52591642062228,45.41069876078317,True
lunala,Psychic,Ghost,,C:\Users\Newsk\Downloads\pokemon\data\images\lunala.png,120,120,1.0,RGBA,PNG,16.55859375,True,0.6411805555555555,126.9839365202245,116.06580220630927,146.51364428101414,122.80137836268628,60.90208510177318,True
nihilego,Rock,Poison,,C:\Users\Newsk\Downloads\pokemon\data\images\nihilego.png,120,120,1.0,RGBA,PNG,5.794921875,True,0.8822222222222222,175.95224056603774,188.15153301886792,202.35554245283018,186.12320165094337,31.01931651947728,True
buzzwole,Bug,Fighting,,C:\Users\Newsk\Downloads\pokemon\data\images\buzzwole.png,120,120,1.0,RGBA,PNG,12.39453125,True,0.7345138888888889,131.44650797802774,74.57101752550354,66.11326183625425,90.61260502223384,51.99616665708173,True
pheromosa,Bug,Fighting,,C:\Users\Newsk\Downloads\pokemon\data\images\pheromosa.png,120,120,1.0,RGBA,PNG,6.4638671875,True,0.8971527777777778,172.96758946657664,171.12896691424714,167.75624577987847,171.29422484807563,40.439675521927576,True
xurkitree,Electric,,,C:\Users\Newsk\Downloads\pokemon\data\images\xurkitree.png,120,120,1.0,RGBA,PNG,10.5224609375,True,0.8175694444444445,128.0178911305672,132.42329653597258,129.14960030452988,130.7328789493719,64.95578937617579,False
celesteela,Steel,Flying,,C:\Users\Newsk\Downloads\pokemon\data\images\celesteela.png,120,120,1.0,RGBA,PNG,15.392578125,True,0.6711805555555556,121.8078141499472,153.66209081309398,135.17043294614572,142.029613093981,48.74807620970968,True
kartana,Grass,Steel,,C:\Users\Newsk\Downloads\pokemon\data\images\kartana.png,120,120,1.0,RGBA,PNG,6.8828125,True,0.8805555555555555,182.98837209302326,167.24186046511628,131.24418604651163,167.84633255813955,41.58362275773973,True
guzzlord,Dark,Dragon,,C:\Users\Newsk\Downloads\pokemon\data\images\guzzlord.png,120,120,1.0,RGBA,PNG,20.0419921875,True,0.5115277777777778,77.18993460335513,97.16135911288029,94.17074210975262,90.84897284617571,51.39112463934123,True
necrozma,Psychic,,,C:\Users\Newsk\Downloads\pokemon\data\images\necrozma.png,120,120,1.0,RGBA,PNG,11.416015625,True,0.7296527777777777,74.50192653480606,76.10377600821988,79.16568199332134,75.97388029797071,54.680751622176416,False
magearna,Steel,Fairy,,C:\Users\Newsk\Downloads\pokemon\data\images\magearna.png,120,120,1.0,RGBA,PNG,6.6298828125,True,0.8780555555555556,197.44589977220957,188.71810933940773,180.83485193621868,190.42902733485192,34.30437839516961,True
marshadow,Fighting,Ghost,,C:\Users\Newsk\Downloads\pokemon\data\images\marshadow.png,120,120,1.0,RGBA,PNG,3.744140625,True,0.9256944444444445,111.74579439252336,111.47476635514019,109.44018691588785,111.32386168224298,36.68033355487319,True
poipole,Poison,,,C:\Users\Newsk\Downloads\pokemon\data\images\poipole.png,120,120,1.0,RGBA,PNG,2.791015625,True,0.9515277777777778,144.4269340974212,108.11604584527221,175.0487106017192,126.60332521489971,43.18833209068537,False
naganadel,Poison,Dragon,,C:\Users\Newsk\Downloads\pokemon\data\images\naganadel.png,120,120,1.0,RGBA,PNG,8.421875,True,0.8515277777777778,162.09494855004678,131.51870907390085,182.46117867165574,146.46844621141253,42.084016182542896,True
stakataka,Rock,Steel,,C:\Users\Newsk\Downloads\pokemon\data\images\stakataka.png,120,120,1.0,RGBA,PNG,11.119140625,True,0.6988194444444444,115.58127738067789,119.03204980401199,120.75559142264238,118.19675259395895,37.73924065635549,True
blacephalon,Fire,Ghost,,C:\Users\Newsk\Downloads\pokemon\data\images\blacephalon.png,120,120,1.0,RGBA,PNG,5.3623046875,True,0.9178472222222223,171.17413355874893,174.4683009298394,178.33558748943364,173.92421555367707,43.59818717789394,True
zeraora,Electric,,,C:\Users\Newsk\Downloads\pokemon\data\images\zeraora.png,120,120,1.0,RGBA,PNG,8.482421875,True,0.8304861111111111,168.6689881196231,167.73699303564112,97.0467021712413,159.95696640721016,52.556272263512746,False
meltan,Steel,,,C:\Users\Newsk\Downloads\pokemon\data\images\meltan.png,120,120,1.0,RGBA,PNG,7.62109375,True,0.8506944444444444,184.33767441860465,168.6479069767442,133.12093023255815,169.28907209302326,53.25773696989328,False
melmetal,Steel,,,C:\Users\Newsk\Downloads\pokemon\data\images\melmetal.png,120,120,1.0,RGBA,PNG,15.2138671875,True,0.6264583333333333,141.477040342071,138.5486149841978,131.04907975460122,138.56926715002788,52.99710429715785,False
